"","a","c","g","t","deletion","insertion","N","pos","TotalReads","MajNt","ref","transition.maj","transition.ref","freq.Ts","freq.Ts.ref","freq.transv","freq.transv.ref","freq.transv1","freq.transv2","freq.transv1.ref","freq.transv2.ref","freq.mutations","freq.mutations.ref"
"1",0,0,0,1524,0,0,0,269,1524,"t","t","c","c",0,0,0,0,0,0,0,0,0,0
"2",1523,0,1,0,0,0,0,270,1524,"a","a","g","g",0.000656167979002625,0.000656167979002625,0,0,0,0,0,0,0.000656167979002625,0.000656167979002625
"3",0,0,0,1524,0,0,0,271,1524,"t","t","c","c",0,0,0,0,0,0,0,0,0,0
"4",0,0,1524,0,0,0,0,272,1524,"g","g","a","a",0,0,0,0,0,0,0,0,0,0
"5",1,0,1523,0,0,0,0,273,1524,"g","g","a","a",0.000656167979002625,0.000656167979002625,0,0,0,0,0,0,0.000656167979002625,0.000656167979002625
"6",1524,0,0,0,0,0,0,274,1524,"a","a","g","g",0,0,0,0,0,0,0,0,0,0
"7",1524,0,0,0,0,0,0,275,1524,"a","a","g","g",0,0,0,0,0,0,0,0,0,0
"8",0,0,0,1524,0,0,0,276,1524,"t","t","c","c",0,0,0,0,0,0,0,0,0,0
"9",0,1524,0,0,0,0,0,277,1524,"c","c","t","t",0,0,0,0,0,0,0,0,0,0
"10",0,0,0,1524,0,0,0,278,1524,"t","t","c","c",0,0,0,0,0,0,0,0,0,0
"11",0,1524,0,0,0,0,0,279,1524,"c","c","t","t",0,0,0,0,0,0,0,0,0,0
"12",0,0,0,1524,0,0,0,280,1524,"t","t","c","c",0,0,0,0,0,0,0,0,0,0
"13",0,0,0,1524,0,0,0,281,1524,"t","t","c","c",0,0,0,0,0,0,0,0,0,0
"14",0,1,0,1523,0,0,0,282,1524,"t","t","c","c",0.000656167979002625,0.000656167979002625,0,0,0,0,0,0,0.000656167979002625,0.000656167979002625
"15",0,0,1524,0,0,0,0,283,1524,"g","g","a","a",0,0,0,0,0,0,0,0,0,0
"16",1524,0,0,0,0,0,0,284,1524,"a","a","g","g",0,0,0,0,0,0,0,0,0,0
"17",2,0,1522,0,0,0,0,285,1524,"g","g","a","a",0.00131233595800525,0.00131233595800525,0,0,0,0,0,0,0.00131233595800525,0.00131233595800525
"18",1524,0,0,0,0,0,0,286,1524,"a","a","g","g",0,0,0,0,0,0,0,0,0,0
"19",0,1524,0,0,0,0,0,287,1524,"c","c","t","t",0,0,0,0,0,0,0,0,0,0
"20",0,1524,0,0,0,0,0,288,1524,"c","c","t","t",0,0,0,0,0,0,0,0,0,0
"21",0,0,0,1524,0,0,0,289,1524,"t","t","c","c",0,0,0,0,0,0,0,0,0,0
"22",0,1524,0,0,0,0,0,290,1524,"c","c","t","t",0,0,0,0,0,0,0,0,0,0
"23",0,0,0,1524,0,0,0,291,1524,"t","t","c","c",0,0,0,0,0,0,0,0,0,0
"24",1524,0,0,0,0,0,0,292,1524,"a","a","g","g",0,0,0,0,0,0,0,0,0,0
"25",0,0,0,1524,0,0,0,293,1524,"t","t","c","c",0,0,0,0,0,0,0,0,0,0
"26",1523,1,0,0,0,0,0,294,1524,"a","a","g","g",0,0,0.000656167979002625,0.000656167979002625,0.000656167979002625,0,0.000656167979002625,0,0.000656167979002625,0.000656167979002625
"27",1524,0,0,0,0,0,0,295,1524,"a","a","g","g",0,0,0,0,0,0,0,0,0,0
"28",1524,0,0,0,0,0,0,296,1524,"a","a","g","g",0,0,0,0,0,0,0,0,0,0
"29",1523,0,1,0,0,0,0,297,1524,"a","a","g","g",0.000656167979002625,0.000656167979002625,0,0,0,0,0,0,0.000656167979002625,0.000656167979002625
"30",0,1524,0,0,0,0,0,298,1524,"c","c","t","t",0,0,0,0,0,0,0,0,0,0
"31",0,1524,0,0,0,0,0,299,1524,"c","c","t","t",0,0,0,0,0,0,0,0,0,0
"32",0,1524,0,0,0,0,0,300,1524,"c","c","t","t",0,0,0,0,0,0,0,0,0,0
"33",0,0,0,1524,0,0,0,301,1524,"t","t","c","c",0,0,0,0,0,0,0,0,0,0
"34",0,0,1524,0,0,0,0,302,1524,"g","g","a","a",0,0,0,0,0,0,0,0,0,0
"35",0,1,0,1523,0,0,0,303,1524,"t","t","c","c",0.000656167979002625,0.000656167979002625,0,0,0,0,0,0,0.000656167979002625,0.000656167979002625
"36",0,0,1524,0,0,0,0,304,1524,"g","g","a","a",0,0,0,0,0,0,0,0,0,0
"37",0,0,0,1524,0,0,0,305,1524,"t","t","c","c",0,0,0,0,0,0,0,0,0,0
"38",1524,0,0,0,0,0,0,306,1524,"a","a","g","g",0,0,0,0,0,0,0,0,0,0
"39",1524,0,0,0,0,0,0,307,1524,"a","a","g","g",0,0,0,0,0,0,0,0,0,0
"40",1524,0,0,0,0,0,0,308,1524,"a","a","g","g",0,0,0,0,0,0,0,0,0,0
"41",1524,0,0,0,0,0,0,309,1524,"a","a","g","g",0,0,0,0,0,0,0,0,0,0
"42",0,1,0,1523,0,0,0,310,1524,"t","t","c","c",0.000656167979002625,0.000656167979002625,0,0,0,0,0,0,0.000656167979002625,0.000656167979002625
"43",0,0,0,1524,0,0,0,311,1524,"t","t","c","c",0,0,0,0,0,0,0,0,0,0
"44",1,0,1523,0,0,0,0,312,1524,"g","g","a","a",0.000656167979002625,0.000656167979002625,0,0,0,0,0,0,0.000656167979002625,0.000656167979002625
"45",1522,0,2,0,0,0,0,313,1524,"a","a","g","g",0.00131233595800525,0.00131233595800525,0,0,0,0,0,0,0.00131233595800525,0.00131233595800525
"46",0,1524,0,0,0,0,0,314,1524,"c","c","t","t",0,0,0,0,0,0,0,0,0,0
"47",0,1524,0,0,0,0,0,315,1524,"c","c","t","t",0,0,0,0,0,0,0,0,0,0
"48",0,1524,0,0,0,0,0,316,1524,"c","c","t","t",0,0,0,0,0,0,0,0,0,0
"49",0,1524,0,0,0,0,0,317,1524,"c","c","t","t",0,0,0,0,0,0,0,0,0,0
"50",0,1524,0,0,0,0,0,318,1524,"c","c","t","t",0,0,0,0,0,0,0,0,0,0
"51",0,0,0,1524,0,0,0,319,1524,"t","t","c","c",0,0,0,0,0,0,0,0,0,0
"52",0,0,0,1524,0,0,0,320,1524,"t","t","c","c",0,0,0,0,0,0,0,0,0,0
"53",1523,0,1,0,0,0,0,321,1524,"a","a","g","g",0.000656167979002625,0.000656167979002625,0,0,0,0,0,0,0.000656167979002625,0.000656167979002625
"54",0,0,0,1524,0,0,0,322,1524,"t","t","c","c",0,0,0,0,0,0,0,0,0,0
"55",0,0,1524,0,0,0,0,323,1524,"g","g","a","a",0,0,0,0,0,0,0,0,0,0
"56",0,1524,0,0,0,0,0,324,1524,"c","c","t","t",0,0,0,0,0,0,0,0,0,0
"57",1524,0,0,0,0,0,0,325,1524,"a","a","g","g",0,0,0,0,0,0,0,0,0,0
"58",0,1,0,1523,0,0,0,326,1524,"t","t","c","c",0.000656167979002625,0.000656167979002625,0,0,0,0,0,0,0.000656167979002625,0.000656167979002625
"59",0,1,0,1523,0,0,0,327,1524,"t","t","c","c",0.000656167979002625,0.000656167979002625,0,0,0,0,0,0,0.000656167979002625,0.000656167979002625
"60",1523,0,1,0,0,0,0,328,1524,"a","a","g","g",0.000656167979002625,0.000656167979002625,0,0,0,0,0,0,0.000656167979002625,0.000656167979002625
"61",0,1524,0,0,0,0,0,329,1524,"c","c","t","t",0,0,0,0,0,0,0,0,0,0
"62",0,1524,0,0,0,0,0,330,1524,"c","c","t","t",0,0,0,0,0,0,0,0,0,0
"63",1524,0,0,0,0,0,0,331,1524,"a","a","g","g",0,0,0,0,0,0,0,0,0,0
"64",0,0,0,1524,0,0,0,332,1524,"t","t","c","c",0,0,0,0,0,0,0,0,0,0
"65",0,0,1524,0,0,0,0,333,1524,"g","g","a","a",0,0,0,0,0,0,0,0,0,0
"66",1523,0,1,0,0,0,0,334,1524,"a","a","g","g",0.000656167979002625,0.000656167979002625,0,0,0,0,0,0,0.000656167979002625,0.000656167979002625
"67",0,0,1524,0,0,0,0,335,1524,"g","g","a","a",0,0,0,0,0,0,0,0,0,0
"68",1524,0,0,0,0,0,0,336,1524,"a","a","g","g",0,0,0,0,0,0,0,0,0,0
"69",0,0,0,1524,0,0,0,337,1524,"t","t","c","c",0,0,0,0,0,0,0,0,0,0
"70",1,0,1523,0,0,0,0,338,1524,"g","g","a","a",0.000656167979002625,0.000656167979002625,0,0,0,0,0,0,0.000656167979002625,0.000656167979002625
"71",0,1524,0,0,0,0,0,339,1524,"c","c","t","t",0,0,0,0,0,0,0,0,0,0
"72",1523,0,1,0,0,0,0,340,1524,"a","a","g","g",0.000656167979002625,0.000656167979002625,0,0,0,0,0,0,0.000656167979002625,0.000656167979002625
"73",1524,0,0,0,0,0,0,341,1524,"a","a","g","g",0,0,0,0,0,0,0,0,0,0
"74",0,0,0,1524,0,0,0,342,1524,"t","t","c","c",0,0,0,0,0,0,0,0,0,0
"75",1524,0,0,0,0,0,0,343,1524,"a","a","g","g",0,0,0,0,0,0,0,0,0,0
"76",1524,0,0,0,0,0,0,344,1524,"a","a","g","g",0,0,0,0,0,0,0,0,0,0
"77",0,0,1524,0,0,0,0,345,1524,"g","g","a","a",0,0,0,0,0,0,0,0,0,0
"78",1524,0,0,0,0,0,0,346,1524,"a","a","g","g",0,0,0,0,0,0,0,0,0,0
"79",0,1524,0,0,0,0,0,347,1524,"c","c","t","t",0,0,0,0,0,0,0,0,0,0
"80",1524,0,0,0,0,0,0,348,1524,"a","a","g","g",0,0,0,0,0,0,0,0,0,0
"81",0,0,1524,0,0,0,0,349,1524,"g","g","a","a",0,0,0,0,0,0,0,0,0,0
"82",1524,0,0,0,0,0,0,350,1524,"a","a","g","g",0,0,0,0,0,0,0,0,0,0
"83",632,0,0,892,0,0,0,351,1524,"t","t","c","c",0,0,0.414698162729659,0.414698162729659,0.414698162729659,0,0.414698162729659,0,0.414698162729659,0.414698162729659
"84",1524,0,0,0,0,0,0,352,1524,"a","a","g","g",0,0,0,0,0,0,0,0,0,0
"85",0,1524,0,0,0,0,0,353,1524,"c","c","t","t",0,0,0,0,0,0,0,0,0,0
"86",1524,0,0,0,0,0,0,354,1524,"a","a","g","g",0,0,0,0,0,0,0,0,0,0
"87",0,0,1524,0,0,0,0,355,1524,"g","g","a","a",0,0,0,0,0,0,0,0,0,0
"88",1524,0,0,0,0,0,0,356,1524,"a","a","g","g",0,0,0,0,0,0,0,0,0,0
"89",0,630,0,894,0,0,0,357,1524,"t","t","c","c",0.413385826771654,0.413385826771654,0,0,0,0,0,0,0.413385826771654,0.413385826771654
"90",1524,0,0,0,0,0,0,358,1524,"a","a","g","g",0,0,0,0,0,0,0,0,0,0
"91",634,0,890,0,0,0,0,359,1524,"g","g","a","a",0.416010498687664,0.416010498687664,0,0,0,0,0,0,0.416010498687664,0.416010498687664
"92",1524,0,0,0,0,0,0,360,1524,"a","a","g","g",0,0,0,0,0,0,0,0,0,0
"93",0,0,0,1524,0,0,0,361,1524,"t","t","c","c",0,0,0,0,0,0,0,0,0,0
"94",0,0,1524,0,0,0,0,362,1524,"g","g","a","a",0,0,0,0,0,0,0,0,0,0
"95",0,0,1524,0,0,0,0,363,1524,"g","g","a","a",0,0,0,0,0,0,0,0,0,0
"96",0,0,1524,0,0,0,0,364,1524,"g","g","a","a",0,0,0,0,0,0,0,0,0,0
"97",0,0,1524,0,0,0,0,365,1524,"g","g","a","a",0,0,0,0,0,0,0,0,0,0
"98",0,0,1524,0,0,0,0,366,1524,"g","g","a","a",0,0,0,0,0,0,0,0,0,0
"99",1,0,0,1523,0,0,0,367,1524,"t","t","c","c",0,0,0.000656167979002625,0.000656167979002625,0.000656167979002625,0,0.000656167979002625,0,0.000656167979002625,0.000656167979002625
"100",0,0,0,1524,0,0,0,368,1524,"t","t","c","c",0,0,0,0,0,0,0,0,0,0
"101",1524,0,0,0,0,0,0,369,1524,"a","a","g","g",0,0,0,0,0,0,0,0,0,0
"102",1524,0,0,0,0,0,0,370,1524,"a","a","g","g",0,0,0,0,0,0,0,0,0,0
"103",0,1524,0,0,0,0,0,371,1524,"c","c","t","t",0,0,0,0,0,0,0,0,0,0
"104",1523,0,1,0,0,0,0,372,1524,"a","a","g","g",0.000656167979002625,0.000656167979002625,0,0,0,0,0,0,0.000656167979002625,0.000656167979002625
"105",0,0,1524,0,0,0,0,373,1524,"g","g","a","a",0,0,0,0,0,0,0,0,0,0
"106",0,0,1524,0,0,0,0,374,1524,"g","g","a","a",0,0,0,0,0,0,0,0,0,0
"107",1,0,1523,0,0,0,0,375,1524,"g","g","a","a",0.000656167979002625,0.000656167979002625,0,0,0,0,0,0,0.000656167979002625,0.000656167979002625
"108",1524,0,0,0,0,0,0,376,1524,"a","a","g","g",0,0,0,0,0,0,0,0,0,0
"109",1523,0,0,0,1,0,0,377,1523,"a","a","g","g",0,0,0,0,0,0,0,0,0,0
"110",0,0,0,1524,0,0,0,378,1524,"t","t","c","c",0,0,0,0,0,0,0,0,0,0
"111",1,0,1522,0,1,0,0,379,1523,"g","g","a","a",0.000656598818122127,0.000656598818122127,0,0,0,0,0,0,0.000656598818122127,0.000656598818122127
"112",0,612,0,911,1,0,0,380,1523,"t","t","c","c",0.401838476690742,0.401838476690742,0,0,0,0,0,0,0.401838476690742,0.401838476690742
"113",1522,0,0,1,1,0,0,381,1523,"a","a","g","g",0,0,0.000656598818122127,0.000656598818122127,0,0.000656598818122127,0,0.000656598818122127,0.000656598818122127,0.000656598818122127
"114",1,912,610,0,1,0,0,382,1523,"c","c","t","t",0,0,0.40118187787262,0.40118187787262,0.000656598818122127,0.400525279054498,0.000656598818122127,0.400525279054498,0.40118187787262,0.40118187787262
"115",0,1522,0,1,1,0,0,383,1523,"c","c","t","t",0.000656598818122127,0.000656598818122127,0,0,0,0,0,0,0.000656598818122127,0.000656598818122127
"116",1523,0,0,0,1,0,0,384,1523,"a","a","g","g",0,0,0,0,0,0,0,0,0,0
"117",1522,1,0,0,1,0,0,385,1523,"a","a","g","g",0,0,0.000656598818122127,0.000656598818122127,0.000656598818122127,0,0.000656598818122127,0,0.000656598818122127,0.000656598818122127
"118",0,1523,0,0,1,0,0,386,1523,"c","c","t","t",0,0,0,0,0,0,0,0,0,0
"119",1523,0,0,0,1,0,0,387,1523,"a","a","g","g",0,0,0,0,0,0,0,0,0,0
"120",1523,0,0,0,1,0,0,388,1523,"a","a","g","g",0,0,0,0,0,0,0,0,0,0
"121",0,1523,0,0,1,0,0,389,1523,"c","c","t","t",0,0,0,0,0,0,0,0,0,0
"122",1523,0,0,0,1,0,0,390,1523,"a","a","g","g",0,0,0,0,0,0,0,0,0,0
"123",1523,0,0,0,1,0,0,391,1523,"a","a","g","g",0,0,0,0,0,0,0,0,0,0
"124",0,1523,0,0,1,0,0,392,1523,"c","c","t","t",0,0,0,0,0,0,0,0,0,0
"125",1522,0,1,0,1,0,0,393,1523,"a","a","g","g",0.000656598818122127,0.000656598818122127,0,0,0,0,0,0,0.000656598818122127,0.000656598818122127
"126",608,0,914,0,2,0,0,394,1522,"g","g","a","a",0.399474375821288,0.399474375821288,0,0,0,0,0,0,0.399474375821288,0.399474375821288
"127",0,1522,0,0,2,0,0,395,1522,"c","c","t","t",0,0,0,0,0,0,0,0,0,0
"128",1522,0,0,0,2,0,0,396,1522,"a","a","g","g",0,0,0,0,0,0,0,0,0,0
"129",1509,0,0,0,15,0,0,397,1509,"a","a","g","g",0,0,0,0,0,0,0,0,0,0
"130",0,1509,0,0,15,0,0,398,1509,"c","c","t","t",0,0,0,0,0,0,0,0,0,0
"131",1509,0,0,0,15,0,0,399,1509,"a","a","g","g",0,0,0,0,0,0,0,0,0,0
"132",1502,1,6,0,15,0,0,400,1509,"a","a","g","g",0.00397614314115308,0.00397614314115308,0.000662690523525514,0.000662690523525514,0.000662690523525514,0,0.000662690523525514,0,0.0046388336646786,0.0046388336646786
"133",0,1509,0,0,15,0,0,401,1509,"c","c","t","t",0,0,0,0,0,0,0,0,0,0
"134",1509,0,0,0,15,0,0,402,1509,"a","a","g","g",0,0,0,0,0,0,0,0,0,0
"135",0,0,0,1524,0,0,0,403,1524,"t","t","c","c",0,0,0,0,0,0,0,0,0,0
"136",0,1495,0,29,0,0,0,404,1524,"c","c","t","t",0.0190288713910761,0.0190288713910761,0,0,0,0,0,0,0.0190288713910761,0.0190288713910761
"137",1524,0,0,0,0,0,0,405,1524,"a","a","g","g",0,0,0,0,0,0,0,0,0,0
"138",1522,0,1,1,0,0,0,406,1524,"a","a","g","g",0.000656167979002625,0.000656167979002625,0.000656167979002625,0.000656167979002625,0,0.000656167979002625,0,0.000656167979002625,0.00131233595800525,0.00131233595800525
"139",0,1524,0,0,0,0,0,407,1524,"c","c","t","t",0,0,0,0,0,0,0,0,0,0
"140",1524,0,0,0,0,0,0,408,1524,"a","a","g","g",0,0,0,0,0,0,0,0,0,0
"141",1524,0,0,0,0,0,0,409,1524,"a","a","g","g",0,0,0,0,0,0,0,0,0,0
"142",0,1524,0,0,0,0,0,410,1524,"c","c","t","t",0,0,0,0,0,0,0,0,0,0
"143",1523,0,1,0,0,0,0,411,1524,"a","a","g","g",0.000656167979002625,0.000656167979002625,0,0,0,0,0,0,0.000656167979002625,0.000656167979002625
"144",1522,1,1,0,0,0,0,412,1524,"a","a","g","g",0.000656167979002625,0.000656167979002625,0.000656167979002625,0.000656167979002625,0.000656167979002625,0,0.000656167979002625,0,0.00131233595800525,0.00131233595800525
"145",0,1524,0,0,0,0,0,413,1524,"c","c","t","t",0,0,0,0,0,0,0,0,0,0
"146",1524,0,0,0,0,0,0,414,1524,"a","a","g","g",0,0,0,0,0,0,0,0,0,0
"147",0,1523,0,1,0,0,0,415,1524,"c","c","t","t",0.000656167979002625,0.000656167979002625,0,0,0,0,0,0,0.000656167979002625,0.000656167979002625
"148",0,1523,0,1,0,0,0,416,1524,"c","c","t","t",0.000656167979002625,0.000656167979002625,0,0,0,0,0,0,0.000656167979002625,0.000656167979002625
"149",1524,0,0,0,0,0,0,417,1524,"a","a","g","g",0,0,0,0,0,0,0,0,0,0
"150",1524,0,1,0,0,0,0,418,1525,"a","a","g","g",0.000655737704918033,0.000655737704918033,0,0,0,0,0,0,0.000655737704918033,0.000655737704918033
"151",1524,0,1,0,0,0,0,419,1525,"a","a","g","g",0.000655737704918033,0.000655737704918033,0,0,0,0,0,0,0.000655737704918033,0.000655737704918033
"152",1525,0,0,0,0,0,0,420,1525,"a","a","g","g",0,0,0,0,0,0,0,0,0,0
"153",2,0,1523,0,0,0,0,421,1525,"g","g","a","a",0.00131147540983607,0.00131147540983607,0,0,0,0,0,0,0.00131147540983607,0.00131147540983607
"154",896,0,629,0,0,0,0,422,1525,"a","a","g","g",0.412459016393443,0.412459016393443,0,0,0,0,0,0,0.412459016393443,0.412459016393443
"155",1524,0,1,0,0,0,0,423,1525,"a","a","g","g",0.000655737704918033,0.000655737704918033,0,0,0,0,0,0,0.000655737704918033,0.000655737704918033
"156",1520,0,5,0,0,0,0,424,1525,"a","a","g","g",0.00327868852459016,0.00327868852459016,0,0,0,0,0,0,0.00327868852459016,0.00327868852459016
"157",0,1525,0,0,0,0,0,425,1525,"c","c","t","t",0,0,0,0,0,0,0,0,0,0
"158",1525,0,0,0,0,0,0,426,1525,"a","a","g","g",0,0,0,0,0,0,0,0,0,0
"159",891,0,632,2,0,0,0,427,1525,"a","a","g","g",0.414426229508197,0.414426229508197,0.00131147540983607,0.00131147540983607,0,0.00131147540983607,0,0.00131147540983607,0.415737704918033,0.415737704918033
"160",1524,0,1,0,0,0,0,428,1525,"a","a","g","g",0.000655737704918033,0.000655737704918033,0,0,0,0,0,0,0.000655737704918033,0.000655737704918033
"161",1,0,0,1524,0,0,0,429,1525,"t","t","c","c",0,0,0.000655737704918033,0.000655737704918033,0.000655737704918033,0,0.000655737704918033,0,0.000655737704918033,0.000655737704918033
"162",3,0,1522,0,0,0,0,430,1525,"g","g","a","a",0.0019672131147541,0.0019672131147541,0,0,0,0,0,0,0.0019672131147541,0.0019672131147541
"163",0,0,0,1525,0,0,0,431,1525,"t","t","c","c",0,0,0,0,0,0,0,0,0,0
"164",0,0,0,1525,0,0,0,432,1525,"t","t","c","c",0,0,0,0,0,0,0,0,0,0
"165",8,0,1517,0,0,0,0,433,1525,"g","g","a","a",0.00524590163934426,0.00524590163934426,0,0,0,0,0,0,0.00524590163934426,0.00524590163934426
"166",0,0,0,1525,0,0,0,434,1525,"t","t","c","c",0,0,0,0,0,0,0,0,0,0
"167",1525,0,0,0,0,0,0,435,1525,"a","a","g","g",0,0,0,0,0,0,0,0,0,0
"168",1525,0,0,0,0,0,0,436,1525,"a","a","g","g",0,0,0,0,0,0,0,0,0,0
"169",1525,0,0,0,0,0,0,437,1525,"a","a","g","g",0,0,0,0,0,0,0,0,0,0
"170",0,1,0,1524,0,0,0,438,1525,"t","t","c","c",0.000655737704918033,0.000655737704918033,0,0,0,0,0,0,0.000655737704918033,0.000655737704918033
"171",0,0,1525,0,0,0,0,439,1525,"g","g","a","a",0,0,0,0,0,0,0,0,0,0
"172",1525,0,0,0,0,0,0,440,1525,"a","a","g","g",0,0,0,0,0,0,0,0,0,0
"173",1525,0,0,0,0,0,0,441,1525,"a","a","g","g",0,0,0,0,0,0,0,0,0,0
"174",1524,0,1,0,0,0,0,442,1525,"a","a","g","g",0.000655737704918033,0.000655737704918033,0,0,0,0,0,0,0.000655737704918033,0.000655737704918033
"175",0,1525,0,0,0,0,0,443,1525,"c","c","t","t",0,0,0,0,0,0,0,0,0,0
"176",0,0,0,1525,0,0,0,444,1525,"t","t","c","c",0,0,0,0,0,0,0,0,0,0
"177",1525,0,0,0,0,0,0,445,1525,"a","a","g","g",0,0,0,0,0,0,0,0,0,0
"178",0,0,1525,0,0,0,0,446,1525,"g","g","a","a",0,0,0,0,0,0,0,0,0,0
"179",0,1,0,1524,0,0,0,447,1525,"t","t","c","c",0.000655737704918033,0.000655737704918033,0,0,0,0,0,0,0.000655737704918033,0.000655737704918033
"180",0,1,0,1523,1,0,0,448,1524,"t","t","c","c",0.000656167979002625,0.000656167979002625,0,0,0,0,0,0,0.000656167979002625,0.000656167979002625
"181",0,1524,0,0,1,0,0,449,1524,"c","c","t","t",0,0,0,0,0,0,0,0,0,0
"182",0,0,0,1524,1,0,0,450,1524,"t","t","c","c",0,0,0,0,0,0,0,0,0,0
"183",0,0,0,1524,1,0,0,451,1524,"t","t","c","c",0,0,0,0,0,0,0,0,0,0
"184",2,0,1522,0,1,0,0,452,1524,"g","g","a","a",0.00131233595800525,0.00131233595800525,0,0,0,0,0,0,0.00131233595800525,0.00131233595800525
"185",0,0,0,1524,1,0,0,453,1524,"t","t","c","c",0,0,0,0,0,0,0,0,0,0
"186",0,0,1525,0,0,0,0,454,1525,"g","g","a","a",0,0,0,0,0,0,0,0,0,0
"187",0,0,0,1525,0,0,0,455,1525,"t","t","c","c",0,0,0,0,0,0,0,0,0,0
"188",1525,0,0,0,0,0,0,456,1525,"a","a","g","g",0,0,0,0,0,0,0,0,0,0
"189",1525,0,0,0,0,0,0,457,1525,"a","a","g","g",0,0,0,0,0,0,0,0,0,0
"190",1524,0,1,0,0,0,0,458,1525,"a","a","g","g",0.000655737704918033,0.000655737704918033,0,0,0,0,0,0,0.000655737704918033,0.000655737704918033
"191",1524,0,1,0,0,0,0,459,1525,"a","a","g","g",0.000655737704918033,0.000655737704918033,0,0,0,0,0,0,0.000655737704918033,0.000655737704918033
"192",1525,0,0,0,0,0,0,460,1525,"a","a","g","g",0,0,0,0,0,0,0,0,0,0
"193",1524,0,1,0,0,0,0,461,1525,"a","a","g","g",0.000655737704918033,0.000655737704918033,0,0,0,0,0,0,0.000655737704918033,0.000655737704918033
"194",0,1525,0,0,0,0,0,462,1525,"c","c","t","t",0,0,0,0,0,0,0,0,0,0
"195",1524,0,1,0,0,0,0,463,1525,"a","a","g","g",0.000655737704918033,0.000655737704918033,0,0,0,0,0,0,0.000655737704918033,0.000655737704918033
"196",1525,0,0,0,0,0,0,464,1525,"a","a","g","g",0,0,0,0,0,0,0,0,0,0
"197",0,0,0,1525,0,0,0,465,1525,"t","t","c","c",0,0,0,0,0,0,0,0,0,0
"198",1525,0,0,0,0,0,0,466,1525,"a","a","g","g",0,0,0,0,0,0,0,0,0,0
"199",1525,0,0,0,0,0,0,467,1525,"a","a","g","g",0,0,0,0,0,0,0,0,0,0
"200",0,0,0,1525,0,0,0,468,1525,"t","t","c","c",0,0,0,0,0,0,0,0,0,0
"201",0,0,0,1525,0,0,0,469,1525,"t","t","c","c",0,0,0,0,0,0,0,0,0,0
"202",1,0,1524,0,0,0,0,470,1525,"g","g","a","a",0.000655737704918033,0.000655737704918033,0,0,0,0,0,0,0.000655737704918033,0.000655737704918033
"203",0,0,0,1525,0,0,0,471,1525,"t","t","c","c",0,0,0,0,0,0,0,0,0,0
"204",1525,0,0,0,0,0,0,472,1525,"a","a","g","g",0,0,0,0,0,0,0,0,0,0
"205",0,1524,0,1,0,0,0,473,1525,"c","c","t","t",0.000655737704918033,0.000655737704918033,0,0,0,0,0,0,0.000655737704918033,0.000655737704918033
"206",1523,1,1,0,0,0,0,474,1525,"a","a","g","g",0.000655737704918033,0.000655737704918033,0.000655737704918033,0.000655737704918033,0.000655737704918033,0,0.000655737704918033,0,0.00131147540983607,0.00131147540983607
"207",1,0,1524,0,0,0,0,475,1525,"g","g","a","a",0.000655737704918033,0.000655737704918033,0,0,0,0,0,0,0.000655737704918033,0.000655737704918033
"208",0,0,1525,0,0,0,0,476,1525,"g","g","a","a",0,0,0,0,0,0,0,0,0,0
"209",0,1525,0,0,0,0,0,477,1525,"c","c","t","t",0,0,0,0,0,0,0,0,0,0
"210",0,1,0,1524,0,0,0,478,1525,"t","t","c","c",0.000655737704918033,0.000655737704918033,0,0,0,0,0,0,0.000655737704918033,0.000655737704918033
"211",0,0,0,1525,0,0,0,479,1525,"t","t","c","c",0,0,0,0,0,0,0,0,0,0
"212",1525,0,0,0,0,0,0,480,1525,"a","a","g","g",0,0,0,0,0,0,0,0,0,0
"213",1,0,1524,0,0,0,0,481,1525,"g","g","a","a",0.000655737704918033,0.000655737704918033,0,0,0,0,0,0,0.000655737704918033,0.000655737704918033
"214",1443,0,82,0,0,0,0,482,1525,"a","a","g","g",0.0537704918032787,0.0537704918032787,0,0,0,0,0,0,0.0537704918032787,0.0537704918032787
"215",441,0,1084,0,0,0,0,483,1525,"g","g","a","a",0.289180327868852,0.289180327868852,0,0,0,0,0,0,0.289180327868852,0.289180327868852
"216",0,1525,0,0,0,0,0,484,1525,"c","c","t","t",0,0,0,0,0,0,0,0,0,0
"217",728,357,440,0,0,0,0,485,1525,"a","c","g","t",0.288524590163934,0,0.234098360655738,0.765901639344262,0.234098360655738,0,0.234098360655738,0,0.522622950819672,0.765901639344262
"218",623,0,902,0,0,0,0,486,1525,"g","g","a","a",0.408524590163934,0.408524590163934,0,0,0,0,0,0,0.408524590163934,0.408524590163934
"219",1,0,1524,0,0,0,0,487,1525,"g","g","a","a",0.000655737704918033,0.000655737704918033,0,0,0,0,0,0,0.000655737704918033,0.000655737704918033
"220",1525,0,0,0,0,0,0,488,1525,"a","a","g","g",0,0,0,0,0,0,0,0,0,0
"221",1525,0,0,0,0,0,0,489,1525,"a","a","g","g",0,0,0,0,0,0,0,0,0,0
"222",0,1525,0,0,0,0,0,490,1525,"c","c","t","t",0,0,0,0,0,0,0,0,0,0
"223",1,1524,0,0,0,0,0,491,1525,"c","c","t","t",0,0,0.000655737704918033,0.000655737704918033,0.000655737704918033,0,0.000655737704918033,0,0.000655737704918033,0.000655737704918033
"224",1525,0,0,0,0,0,0,492,1525,"a","a","g","g",0,0,0,0,0,0,0,0,0,0
"225",1526,0,0,0,0,0,0,493,1526,"a","a","g","g",0,0,0,0,0,0,0,0,0,0
"226",0,0,0,1526,0,0,0,494,1526,"t","t","c","c",0,0,0,0,0,0,0,0,0,0
"227",1,0,1525,0,0,0,0,495,1526,"g","g","a","a",0.000655307994757536,0.000655307994757536,0,0,0,0,0,0,0.000655307994757536,0.000655307994757536
"228",0,0,1526,0,0,0,0,496,1526,"g","g","a","a",0,0,0,0,0,0,0,0,0,0
"229",0,0,0,1526,0,0,0,497,1526,"t","t","c","c",0,0,0,0,0,0,0,0,0,0
"230",1526,0,0,0,0,0,0,498,1526,"a","a","g","g",0,0,0,0,0,0,0,0,0,0
"231",1525,1,0,0,0,0,0,499,1526,"a","a","g","g",0,0,0.000655307994757536,0.000655307994757536,0.000655307994757536,0,0.000655307994757536,0,0.000655307994757536,0.000655307994757536
"232",0,0,1526,0,0,0,0,500,1526,"g","g","a","a",0,0,0,0,0,0,0,0,0,0
"233",0,1526,0,0,0,0,0,501,1526,"c","c","t","t",0,0,0,0,0,0,0,0,0,0
"234",0,0,0,1526,0,0,0,502,1526,"t","t","c","c",0,0,0,0,0,0,0,0,0,0
"235",0,0,1527,0,0,0,0,503,1527,"g","g","a","a",0,0,0,0,0,0,0,0,0,0
"236",0,1,1,1525,0,0,0,504,1527,"t","t","c","c",0.000654878847413229,0.000654878847413229,0.000654878847413229,0.000654878847413229,0,0.000654878847413229,0,0.000654878847413229,0.00130975769482646,0.00130975769482646
"237",1527,0,0,0,0,0,0,505,1527,"a","a","g","g",0,0,0,0,0,0,0,0,0,0
"238",1520,7,0,0,0,0,0,506,1527,"a","a","g","g",0,0,0.0045841519318926,0.0045841519318926,0.0045841519318926,0,0.0045841519318926,0,0.0045841519318926,0.0045841519318926
"239",1527,0,0,0,0,0,0,507,1527,"a","a","g","g",0,0,0,0,0,0,0,0,0,0
"240",9,3,122,2914,0,0,0,508,3048,"t","t","c","c",0.000984251968503937,0.000984251968503937,0.0429790026246719,0.0429790026246719,0.00295275590551181,0.0400262467191601,0.00295275590551181,0.0400262467191601,0.0439632545931759,0.0439632545931759
"241",4,1,124,2919,0,0,0,509,3048,"t","t","c","c",0.000328083989501312,0.000328083989501312,0.041994750656168,0.041994750656168,0.00131233595800525,0.0406824146981627,0.00131233595800525,0.0406824146981627,0.0423228346456693,0.0423228346456693
"242",1,2,56,2989,0,0,0,510,3048,"t","t","c","c",0.000656167979002625,0.000656167979002625,0.0187007874015748,0.0187007874015748,0.000328083989501312,0.0183727034120735,0.000328083989501312,0.0183727034120735,0.0193569553805774,0.0193569553805774
"243",3037,5,1,5,0,0,0,511,3048,"a","a","g","g",0.000328083989501312,0.000328083989501312,0.00328083989501312,0.00328083989501312,0.00164041994750656,0.00164041994750656,0.00164041994750656,0.00164041994750656,0.00360892388451444,0.00360892388451444
"244",3031,7,7,3,0,0,0,512,3048,"a","a","g","g",0.00229658792650919,0.00229658792650919,0.00328083989501312,0.00328083989501312,0.00229658792650919,0.000984251968503937,0.00229658792650919,0.000984251968503937,0.00557742782152231,0.00557742782152231
"245",13,3030,2,3,0,0,0,513,3048,"c","c","t","t",0.000984251968503937,0.000984251968503937,0.00492125984251968,0.00492125984251968,0.00426509186351706,0.000656167979002625,0.00426509186351706,0.000656167979002625,0.00590551181102362,0.00590551181102362
"246",3030,15,1,2,0,0,0,514,3048,"a","a","g","g",0.000328083989501312,0.000328083989501312,0.00557742782152231,0.00557742782152231,0.00492125984251968,0.000656167979002625,0.00492125984251968,0.000656167979002625,0.00590551181102362,0.00590551181102362
"247",3,1,79,2965,0,0,0,515,3048,"t","t","c","c",0.000328083989501312,0.000328083989501312,0.0269028871391076,0.0269028871391076,0.000984251968503937,0.0259186351706037,0.000984251968503937,0.0259186351706037,0.0272309711286089,0.0272309711286089
"248",19,1,3026,2,0,0,0,516,3048,"g","g","a","a",0.00623359580052493,0.00623359580052493,0.000984251968503937,0.000984251968503937,0.000328083989501312,0.000656167979002625,0.000328083989501312,0.000656167979002625,0.00721784776902887,0.00721784776902887
"249",3026,16,2,4,0,0,0,517,3048,"a","a","g","g",0.000656167979002625,0.000656167979002625,0.00656167979002625,0.00656167979002625,0.005249343832021,0.00131233595800525,0.005249343832021,0.00131233595800525,0.00721784776902887,0.00721784776902887
"250",11,3033,0,4,0,0,0,518,3048,"c","c","t","t",0.00131233595800525,0.00131233595800525,0.00360892388451444,0.00360892388451444,0.00360892388451444,0,0.00360892388451444,0,0.00492125984251968,0.00492125984251968
"251",154,1,5,2888,0,0,0,519,3048,"t","t","c","c",0.000328083989501312,0.000328083989501312,0.0521653543307087,0.0521653543307087,0.0505249343832021,0.00164041994750656,0.0505249343832021,0.00164041994750656,0.05249343832021,0.05249343832021
"252",23,0,3017,8,0,0,0,520,3048,"g","g","a","a",0.00754593175853018,0.00754593175853018,0.0026246719160105,0.0026246719160105,0,0.0026246719160105,0,0.0026246719160105,0.0101706036745407,0.0101706036745407
"253",37,0,3008,3,0,0,0,521,3048,"g","g","a","a",0.0121391076115486,0.0121391076115486,0.000984251968503937,0.000984251968503937,0,0.000984251968503937,0,0.000984251968503937,0.0131233595800525,0.0131233595800525
"254",6,0,3042,0,0,0,0,522,3048,"g","g","a","a",0.00196850393700787,0.00196850393700787,0,0,0,0,0,0,0.00196850393700787,0.00196850393700787
"255",0,4,14,3030,0,0,0,523,3048,"t","t","c","c",0.00131233595800525,0.00131233595800525,0.00459317585301837,0.00459317585301837,0,0.00459317585301837,0,0.00459317585301837,0.00590551181102362,0.00590551181102362
"256",2,3,20,3021,0,0,0,524,3046,"t","t","c","c",0.000984898227183191,0.000984898227183191,0.0072225869993434,0.0072225869993434,0.000656598818122127,0.00656598818122127,0.000656598818122127,0.00656598818122127,0.00820748522652659,0.00820748522652659
"257",3044,0,2,0,0,0,0,525,3046,"a","a","g","g",0.000656598818122127,0.000656598818122127,0,0,0,0,0,0,0.000656598818122127,0.000656598818122127
"258",3039,4,2,1,0,0,0,526,3046,"a","a","g","g",0.000656598818122127,0.000656598818122127,0.00164149704530532,0.00164149704530532,0.00131319763624425,0.000328299409061064,0.00131319763624425,0.000328299409061064,0.00229809586342745,0.00229809586342745
"259",2448,3,2,0,0,0,0,527,2453,"a","a","g","g",0.000815328169588259,0.000815328169588259,0.00122299225438239,0.00122299225438239,0.00122299225438239,0,0.00122299225438239,0,0.00203832042397065,0.00203832042397065
"260",2446,3,4,0,0,0,0,528,2453,"a","a","g","g",0.00163065633917652,0.00163065633917652,0.00122299225438239,0.00122299225438239,0.00122299225438239,0,0.00122299225438239,0,0.00285364859355891,0.00285364859355891
"261",2422,0,29,2,0,0,0,529,2453,"a","a","g","g",0.0118222584590298,0.0118222584590298,0.000815328169588259,0.000815328169588259,0,0.000815328169588259,0,0.000815328169588259,0.012637586628618,0.012637586628618
"262",2,0,2435,1,0,0,0,530,2438,"g","g","a","a",0.000820344544708778,0.000820344544708778,0.000410172272354389,0.000410172272354389,0,0.000410172272354389,0,0.000410172272354389,0.00123051681706317,0.00123051681706317
"263",3,0,2435,0,0,0,0,531,2438,"g","g","a","a",0.00123051681706317,0.00123051681706317,0,0,0,0,0,0,0.00123051681706317,0.00123051681706317
"264",249,0,2188,1,0,0,0,532,2438,"g","g","a","a",0.102132895816243,0.102132895816243,0.000410172272354389,0.000410172272354389,0,0.000410172272354389,0,0.000410172272354389,0.102543068088597,0.102543068088597
"265",2432,2,0,1,1,0,0,533,2435,"a","a","g","g",0,0,0.00123203285420945,0.00123203285420945,0.00082135523613963,0.000410677618069815,0.00082135523613963,0.000410677618069815,0.00123203285420945,0.00123203285420945
"266",4,2432,0,0,0,0,0,534,2436,"c","c","t","t",0,0,0.00164203612479475,0.00164203612479475,0.00164203612479475,0,0.00164203612479475,0,0.00164203612479475,0.00164203612479475
"267",2431,2,1,2,0,0,0,535,2436,"a","a","g","g",0.000410509031198686,0.000410509031198686,0.00164203612479475,0.00164203612479475,0.000821018062397373,0.000821018062397373,0.000821018062397373,0.000821018062397373,0.00205254515599343,0.00205254515599343
"268",2423,3,0,2,0,0,0,536,2428,"a","a","g","g",0,0,0.00205930807248764,0.00205930807248764,0.00123558484349259,0.000823723228995058,0.00123558484349259,0.000823723228995058,0.00205930807248764,0.00205930807248764
"269",2426,0,1,1,0,0,0,537,2428,"a","a","g","g",0.000411861614497529,0.000411861614497529,0.000411861614497529,0.000411861614497529,0,0.000411861614497529,0,0.000411861614497529,0.000823723228995058,0.000823723228995058
"270",2427,0,1,0,0,0,0,538,2428,"a","a","g","g",0.000411861614497529,0.000411861614497529,0,0,0,0,0,0,0.000411861614497529,0.000411861614497529
"271",870,0,671,1,0,0,0,539,1542,"a","a","g","g",0.43514915693904,0.43514915693904,0.000648508430609598,0.000648508430609598,0,0.000648508430609598,0,0.000648508430609598,0.43579766536965,0.43579766536965
"272",0,0,1539,1,0,0,0,540,1540,"g","g","a","a",0,0,0.000649350649350649,0.000649350649350649,0,0.000649350649350649,0,0.000649350649350649,0.000649350649350649,0.000649350649350649
"273",1540,0,0,0,0,0,0,541,1540,"a","a","g","g",0,0,0,0,0,0,0,0,0,0
"274",1526,0,0,0,0,0,0,542,1526,"a","a","g","g",0,0,0,0,0,0,0,0,0,0
"275",1525,0,1,0,0,0,0,543,1526,"a","a","g","g",0.000655307994757536,0.000655307994757536,0,0,0,0,0,0,0.000655307994757536,0.000655307994757536
"276",0,0,1526,0,0,0,0,544,1526,"g","g","a","a",0,0,0,0,0,0,0,0,0,0
"277",1524,0,0,1,0,0,0,545,1525,"a","a","g","g",0,0,0.000655737704918033,0.000655737704918033,0,0.000655737704918033,0,0.000655737704918033,0.000655737704918033,0.000655737704918033
"278",1524,0,0,1,0,0,0,546,1525,"a","a","g","g",0,0,0.000655737704918033,0.000655737704918033,0,0.000655737704918033,0,0.000655737704918033,0.000655737704918033,0.000655737704918033
"279",0,1,23,1501,0,0,0,547,1525,"t","t","c","c",0.000655737704918033,0.000655737704918033,0.0150819672131148,0.0150819672131148,0,0.0150819672131148,0,0.0150819672131148,0.0157377049180328,0.0157377049180328
"280",1520,0,1,4,0,0,0,548,1525,"a","a","g","g",0.000655737704918033,0.000655737704918033,0.00262295081967213,0.00262295081967213,0,0.00262295081967213,0,0.00262295081967213,0.00327868852459016,0.00327868852459016
"281",11,625,15,874,0,0,0,549,1525,"t","t","c","c",0.409836065573771,0.409836065573771,0.0170491803278689,0.0170491803278689,0.00721311475409836,0.00983606557377049,0.00721311475409836,0.00983606557377049,0.426885245901639,0.426885245901639
"282",1523,0,0,2,0,0,0,550,1525,"a","a","g","g",0,0,0.00131147540983607,0.00131147540983607,0,0.00131147540983607,0,0.00131147540983607,0.00131147540983607,0.00131147540983607
"283",1525,0,0,0,0,0,0,551,1525,"a","a","g","g",0,0,0,0,0,0,0,0,0,0
"284",0,0,6,1519,0,0,0,552,1525,"t","t","c","c",0,0,0.0039344262295082,0.0039344262295082,0,0.0039344262295082,0,0.0039344262295082,0.0039344262295082,0.0039344262295082
"285",0,0,1525,0,0,0,0,553,1525,"g","g","a","a",0,0,0,0,0,0,0,0,0,0
"286",1522,0,0,2,0,0,0,554,1524,"a","a","g","g",0,0,0.00131233595800525,0.00131233595800525,0,0.00131233595800525,0,0.00131233595800525,0.00131233595800525,0.00131233595800525
"287",1524,0,0,0,0,0,0,555,1524,"a","a","g","g",0,0,0,0,0,0,0,0,0,0
"288",1522,1,0,1,0,0,0,556,1524,"a","a","g","g",0,0,0.00131233595800525,0.00131233595800525,0.000656167979002625,0.000656167979002625,0.000656167979002625,0.000656167979002625,0.00131233595800525,0.00131233595800525
"289",0,1524,0,0,0,0,0,557,1524,"c","c","t","t",0,0,0,0,0,0,0,0,0,0
"290",1524,0,0,0,0,0,0,558,1524,"a","a","g","g",0,0,0,0,0,0,0,0,0,0
"291",0,0,5,1519,0,0,0,559,1524,"t","t","c","c",0,0,0.00328083989501312,0.00328083989501312,0,0.00328083989501312,0,0.00328083989501312,0.00328083989501312,0.00328083989501312
"292",0,0,1524,0,0,0,0,560,1524,"g","g","a","a",0,0,0,0,0,0,0,0,0,0
"293",0,0,1524,0,0,0,0,561,1524,"g","g","a","a",0,0,0,0,0,0,0,0,0,0
"294",0,0,8,1516,0,0,0,562,1524,"t","t","c","c",0,0,0.005249343832021,0.005249343832021,0,0.005249343832021,0,0.005249343832021,0.005249343832021,0.005249343832021
"295",1524,0,0,0,0,0,0,563,1524,"a","a","g","g",0,0,0,0,0,0,0,0,0,0
"296",0,0,64,1460,0,0,0,564,1524,"t","t","c","c",0,0,0.041994750656168,0.041994750656168,0,0.041994750656168,0,0.041994750656168,0.041994750656168,0.041994750656168
"297",0,1,8,1515,0,0,0,565,1524,"t","t","c","c",0.000656167979002625,0.000656167979002625,0.005249343832021,0.005249343832021,0,0.005249343832021,0,0.005249343832021,0.00590551181102362,0.00590551181102362
"298",2,1522,0,0,0,0,0,566,1524,"c","c","t","t",0,0,0.00131233595800525,0.00131233595800525,0.00131233595800525,0,0.00131233595800525,0,0.00131233595800525,0.00131233595800525
"299",1523,0,1,0,0,0,0,567,1524,"a","a","g","g",0.000656167979002625,0.000656167979002625,0,0,0,0,0,0,0.000656167979002625,0.000656167979002625
"300",1524,0,0,0,0,0,0,568,1524,"a","a","g","g",0,0,0,0,0,0,0,0,0,0
"301",0,50,1474,0,0,0,0,569,1524,"g","g","a","a",0,0,0.0328083989501312,0.0328083989501312,0.0328083989501312,0,0.0328083989501312,0,0.0328083989501312,0.0328083989501312
"302",1524,0,0,0,0,0,0,570,1524,"a","a","g","g",0,0,0,0,0,0,0,0,0,0
"303",0,0,1524,0,0,0,0,571,1524,"g","g","a","a",0,0,0,0,0,0,0,0,0,0
"304",1524,0,0,0,0,0,0,572,1524,"a","a","g","g",0,0,0,0,0,0,0,0,0,0
"305",0,0,1,1523,0,0,0,573,1524,"t","t","c","c",0,0,0.000656167979002625,0.000656167979002625,0,0.000656167979002625,0,0.000656167979002625,0.000656167979002625,0.000656167979002625
"306",0,0,38,1486,0,0,0,574,1524,"t","t","c","c",0,0,0.0249343832020997,0.0249343832020997,0,0.0249343832020997,0,0.0249343832020997,0.0249343832020997,0.0249343832020997
"307",0,0,4,1520,0,0,0,575,1524,"t","t","c","c",0,0,0.0026246719160105,0.0026246719160105,0,0.0026246719160105,0,0.0026246719160105,0.0026246719160105,0.0026246719160105
"308",1523,0,1,0,0,0,0,576,1524,"a","a","g","g",0.000656167979002625,0.000656167979002625,0,0,0,0,0,0,0.000656167979002625,0.000656167979002625
"309",1524,0,0,0,0,0,0,577,1524,"a","a","g","g",0,0,0,0,0,0,0,0,0,0
"310",0,0,7,1517,0,0,0,578,1524,"t","t","c","c",0,0,0.00459317585301837,0.00459317585301837,0,0.00459317585301837,0,0.00459317585301837,0.00459317585301837,0.00459317585301837
"311",1524,0,0,0,0,0,0,579,1524,"a","a","g","g",0,0,0,0,0,0,0,0,0,0
"312",0,0,4,1520,0,0,0,580,1524,"t","t","c","c",0,0,0.0026246719160105,0.0026246719160105,0,0.0026246719160105,0,0.0026246719160105,0.0026246719160105,0.0026246719160105
"313",0,0,1524,0,0,0,0,581,1524,"g","g","a","a",0,0,0,0,0,0,0,0,0,0
"314",0,0,0,1524,0,0,0,582,1524,"t","t","c","c",0,0,0,0,0,0,0,0,0,0
"315",0,0,1523,1,0,0,0,583,1524,"g","g","a","a",0,0,0.000656167979002625,0.000656167979002625,0,0.000656167979002625,0,0.000656167979002625,0.000656167979002625,0.000656167979002625
"316",1524,0,0,0,0,0,0,584,1524,"a","a","g","g",0,0,0,0,0,0,0,0,0,0
"317",1524,0,0,0,0,0,0,585,1524,"a","a","g","g",0,0,0,0,0,0,0,0,0,0
"318",0,1524,0,0,0,0,0,586,1524,"c","c","t","t",0,0,0,0,0,0,0,0,0,0
"319",1524,0,0,0,0,0,0,587,1524,"a","a","g","g",0,0,0,0,0,0,0,0,0,0
"320",1524,0,0,0,0,0,0,588,1524,"a","a","g","g",0,0,0,0,0,0,0,0,0,0
"321",1523,0,1,0,0,0,0,589,1524,"a","a","g","g",0.000656167979002625,0.000656167979002625,0,0,0,0,0,0,0.000656167979002625,0.000656167979002625
"322",845,0,679,0,0,0,0,590,1524,"a","a","g","g",0.445538057742782,0.445538057742782,0,0,0,0,0,0,0.445538057742782,0.445538057742782
"323",0,0,3,1521,0,0,0,591,1524,"t","t","c","c",0,0,0.00196850393700787,0.00196850393700787,0,0.00196850393700787,0,0.00196850393700787,0.00196850393700787,0.00196850393700787
"324",1524,0,0,0,0,0,0,592,1524,"a","a","g","g",0,0,0,0,0,0,0,0,0,0
"325",679,845,0,0,0,0,0,593,1524,"c","c","t","t",0,0,0.445538057742782,0.445538057742782,0.445538057742782,0,0.445538057742782,0,0.445538057742782,0.445538057742782
"326",0,0,4,1520,0,0,0,594,1524,"t","t","c","c",0,0,0.0026246719160105,0.0026246719160105,0,0.0026246719160105,0,0.0026246719160105,0.0026246719160105,0.0026246719160105
"327",1524,0,0,0,0,0,0,595,1524,"a","a","g","g",0,0,0,0,0,0,0,0,0,0
"328",1524,0,0,0,0,0,0,596,1524,"a","a","g","g",0,0,0,0,0,0,0,0,0,0
"329",0,0,3,1521,0,0,0,597,1524,"t","t","c","c",0,0,0.00196850393700787,0.00196850393700787,0,0.00196850393700787,0,0.00196850393700787,0.00196850393700787,0.00196850393700787
"330",50,0,1474,0,0,0,0,598,1524,"g","g","a","a",0.0328083989501312,0.0328083989501312,0,0,0,0,0,0,0.0328083989501312,0.0328083989501312
"331",52,0,1472,0,0,0,0,599,1524,"g","g","a","a",0.0341207349081365,0.0341207349081365,0,0,0,0,0,0,0.0341207349081365,0.0341207349081365
"332",1524,0,0,0,0,0,0,600,1524,"a","a","g","g",0,0,0,0,0,0,0,0,0,0
"333",1522,0,2,0,0,0,0,601,1524,"a","a","g","g",0.00131233595800525,0.00131233595800525,0,0,0,0,0,0,0.00131233595800525,0.00131233595800525
"334",734,0,790,0,0,0,0,602,1524,"g","g","a","a",0.481627296587927,0.481627296587927,0,0,0,0,0,0,0.481627296587927,0.481627296587927
"335",0,0,0,1524,0,0,0,603,1524,"t","t","c","c",0,0,0,0,0,0,0,0,0,0
"336",0,0,1524,0,0,0,0,604,1524,"g","g","a","a",0,0,0,0,0,0,0,0,0,0
"337",1524,0,0,0,0,0,0,605,1524,"a","a","g","g",0,0,0,0,0,0,0,0,0,0
"338",1523,0,1,0,0,0,0,606,1524,"a","a","g","g",0.000656167979002625,0.000656167979002625,0,0,0,0,0,0,0.000656167979002625,0.000656167979002625
"339",1524,0,0,0,0,0,0,607,1524,"a","a","g","g",0,0,0,0,0,0,0,0,0,0
"340",0,0,1523,0,1,0,0,608,1523,"g","g","a","a",0,0,0,0,0,0,0,0,0,0
"341",0,0,0,1523,1,0,0,609,1523,"t","t","c","c",0,0,0,0,0,0,0,0,0,0
"342",1523,0,0,0,1,0,0,610,1523,"a","a","g","g",0,0,0,0,0,0,0,0,0,0
"343",1523,0,0,0,1,0,0,611,1523,"a","a","g","g",0,0,0,0,0,0,0,0,0,0
"344",1522,0,1,0,1,0,0,612,1523,"a","a","g","g",0.000656598818122127,0.000656598818122127,0,0,0,0,0,0,0.000656598818122127,0.000656598818122127
"345",0,0,0,1524,0,0,0,613,1524,"t","t","c","c",0,0,0,0,0,0,0,0,0,0
"346",0,0,1524,0,0,0,0,614,1524,"g","g","a","a",0,0,0,0,0,0,0,0,0,0
"347",0,1,0,1523,0,0,0,615,1524,"t","t","c","c",0.000656167979002625,0.000656167979002625,0,0,0,0,0,0,0.000656167979002625,0.000656167979002625
"348",0,0,0,1523,1,0,0,616,1523,"t","t","c","c",0,0,0,0,0,0,0,0,0,0
"349",1522,0,1,0,1,0,0,617,1523,"a","a","g","g",0.000656598818122127,0.000656598818122127,0,0,0,0,0,0,0.000656598818122127,0.000656598818122127
"350",0,1521,0,2,1,0,0,618,1523,"c","c","t","t",0.00131319763624425,0.00131319763624425,0,0,0,0,0,0,0.00131319763624425,0.00131319763624425
"351",1523,0,0,0,1,0,0,619,1523,"a","a","g","g",0,0,0,0,0,0,0,0,0,0
"352",0,0,0,1523,1,0,0,620,1523,"t","t","c","c",0,0,0,0,0,0,0,0,0,0
"353",0,0,1523,0,1,0,0,621,1523,"g","g","a","a",0,0,0,0,0,0,0,0,0,0
"354",1523,0,0,0,1,0,0,622,1523,"a","a","g","g",0,0,0,0,0,0,0,0,0,0
"355",1523,0,0,0,1,0,0,623,1523,"a","a","g","g",0,0,0,0,0,0,0,0,0,0
"356",0,0,0,1523,1,0,0,624,1523,"t","t","c","c",0,0,0,0,0,0,0,0,0,0
"357",0,1521,0,2,1,0,0,625,1523,"c","c","t","t",0.00131319763624425,0.00131319763624425,0,0,0,0,0,0,0.00131319763624425,0.00131319763624425
"358",1523,0,0,0,1,0,0,626,1523,"a","a","g","g",0,0,0,0,0,0,0,0,0,0
"359",0,1,2,1520,1,0,0,627,1523,"t","c","c","t",0.000656598818122127,0.998030203545634,0.00131319763624425,0.00131319763624425,0,0.00131319763624425,0,0.00131319763624425,0.00196979645436638,0.999343401181878
"360",0,0,0,1523,1,0,0,628,1523,"t","t","c","c",0,0,0,0,0,0,0,0,0,0
"361",0,0,1523,0,1,0,0,629,1523,"g","g","a","a",0,0,0,0,0,0,0,0,0,0
"362",0,0,0,1523,1,0,0,630,1523,"t","t","c","c",0,0,0,0,0,0,0,0,0,0
"363",1524,0,0,0,0,0,0,631,1524,"a","a","g","g",0,0,0,0,0,0,0,0,0,0
"364",1523,0,1,0,0,0,0,632,1524,"a","a","g","g",0.000656167979002625,0.000656167979002625,0,0,0,0,0,0,0.000656167979002625,0.000656167979002625
"365",0,1524,0,0,0,0,0,633,1524,"c","c","t","t",0,0,0,0,0,0,0,0,0,0
"366",1524,0,0,0,0,0,0,634,1524,"a","a","g","g",0,0,0,0,0,0,0,0,0,0
"367",0,1524,0,0,0,0,0,635,1524,"c","c","t","t",0,0,0,0,0,0,0,0,0,0
"368",0,1524,0,0,0,0,0,636,1524,"c","c","t","t",0,0,0,0,0,0,0,0,0,0
"369",1524,0,0,0,0,0,0,637,1524,"a","a","g","g",0,0,0,0,0,0,0,0,0,0
"370",0,0,1524,0,0,0,0,638,1524,"g","g","a","a",0,0,0,0,0,0,0,0,0,0
"371",0,0,0,1524,0,0,0,639,1524,"t","t","c","c",0,0,0,0,0,0,0,0,0,0
"372",1524,0,0,0,0,0,0,640,1524,"a","a","g","g",0,0,0,0,0,0,0,0,0,0
"373",0,4,0,1520,0,0,0,641,1524,"t","t","c","c",0.0026246719160105,0.0026246719160105,0,0,0,0,0,0,0.0026246719160105,0.0026246719160105
"374",0,0,0,1524,0,0,0,642,1524,"t","t","c","c",0,0,0,0,0,0,0,0,0,0
"375",1524,0,0,0,0,0,0,643,1524,"a","a","g","g",0,0,0,0,0,0,0,0,0,0
"376",0,0,1,1523,0,0,0,644,1524,"t","t","c","c",0,0,0.000656167979002625,0.000656167979002625,0,0.000656167979002625,0,0.000656167979002625,0.000656167979002625,0.000656167979002625
"377",0,0,0,1524,0,0,0,645,1524,"t","t","c","c",0,0,0,0,0,0,0,0,0,0
"378",0,1524,0,0,0,0,0,646,1524,"c","c","t","t",0,0,0,0,0,0,0,0,0,0
"379",1523,0,1,0,0,0,0,647,1524,"a","a","g","g",0.000656167979002625,0.000656167979002625,0,0,0,0,0,0,0.000656167979002625,0.000656167979002625
"380",1523,0,1,0,0,0,0,648,1524,"a","a","g","g",0.000656167979002625,0.000656167979002625,0,0,0,0,0,0,0.000656167979002625,0.000656167979002625
"381",0,0,1524,0,0,0,0,649,1524,"g","g","a","a",0,0,0,0,0,0,0,0,0,0
"382",1522,0,2,0,0,0,0,650,1524,"a","a","g","g",0.00131233595800525,0.00131233595800525,0,0,0,0,0,0,0.00131233595800525,0.00131233595800525
"383",1524,0,0,0,0,0,0,651,1524,"a","a","g","g",0,0,0,0,0,0,0,0,0,0
"384",0,0,0,1524,0,0,0,652,1524,"t","t","c","c",0,0,0,0,0,0,0,0,0,0
"385",0,1523,0,1,0,0,0,653,1524,"c","c","t","t",0.000656167979002625,0.000656167979002625,0,0,0,0,0,0,0.000656167979002625,0.000656167979002625
"386",0,1522,0,2,0,0,0,654,1524,"c","c","t","t",0.00131233595800525,0.00131233595800525,0,0,0,0,0,0,0.00131233595800525,0.00131233595800525
"387",0,0,0,1524,0,0,0,655,1524,"t","t","c","c",0,0,0,0,0,0,0,0,0,0
"388",0,0,1524,0,0,0,0,656,1524,"g","g","a","a",0,0,0,0,0,0,0,0,0,0
"389",0,0,1,1523,0,0,0,657,1524,"t","t","c","c",0,0,0.000656167979002625,0.000656167979002625,0,0.000656167979002625,0,0.000656167979002625,0.000656167979002625,0.000656167979002625
"390",0,0,1524,0,0,0,0,658,1524,"g","g","a","a",0,0,0,0,0,0,0,0,0,0
"391",1523,0,1,0,0,0,0,659,1524,"a","a","g","g",0.000656167979002625,0.000656167979002625,0,0,0,0,0,0,0.000656167979002625,0.000656167979002625
"392",0,1524,0,0,0,0,0,660,1524,"c","c","t","t",0,0,0,0,0,0,0,0,0,0
"393",1523,0,1,0,0,0,0,661,1524,"a","a","g","g",0.000656167979002625,0.000656167979002625,0,0,0,0,0,0,0.000656167979002625,0.000656167979002625
"394",1524,0,0,0,0,0,0,662,1524,"a","a","g","g",0,0,0,0,0,0,0,0,0,0
"395",0,0,1524,0,0,0,0,663,1524,"g","g","a","a",0,0,0,0,0,0,0,0,0,0
"396",0,1524,0,0,0,0,0,664,1524,"c","c","t","t",0,0,0,0,0,0,0,0,0,0
"397",1523,1,0,0,0,0,0,665,1524,"a","a","g","g",0,0,0.000656167979002625,0.000656167979002625,0.000656167979002625,0,0.000656167979002625,0,0.000656167979002625,0.000656167979002625
"398",0,1,0,1523,0,0,0,666,1524,"t","t","c","c",0.000656167979002625,0.000656167979002625,0,0,0,0,0,0,0.000656167979002625,0.000656167979002625
"399",1,0,0,1523,0,0,0,667,1524,"t","t","c","c",0,0,0.000656167979002625,0.000656167979002625,0.000656167979002625,0,0.000656167979002625,0,0.000656167979002625,0.000656167979002625
"400",1523,0,1,0,0,0,0,668,1524,"a","a","g","g",0.000656167979002625,0.000656167979002625,0,0,0,0,0,0,0.000656167979002625,0.000656167979002625
"401",0,1,1,1522,0,0,0,669,1524,"t","t","c","c",0.000656167979002625,0.000656167979002625,0.000656167979002625,0.000656167979002625,0,0.000656167979002625,0,0.000656167979002625,0.00131233595800525,0.00131233595800525
"402",0,0,0,1524,0,0,0,670,1524,"t","t","c","c",0,0,0,0,0,0,0,0,0,0
"403",1,0,1523,0,0,0,0,671,1524,"g","g","a","a",0.000656167979002625,0.000656167979002625,0,0,0,0,0,0,0.000656167979002625,0.000656167979002625
"404",0,0,1523,1,0,0,0,672,1524,"g","g","a","a",0,0,0.000656167979002625,0.000656167979002625,0,0.000656167979002625,0,0.000656167979002625,0.000656167979002625,0.000656167979002625
"405",4,0,1519,1,0,0,0,673,1524,"g","g","a","a",0.0026246719160105,0.0026246719160105,0.000656167979002625,0.000656167979002625,0,0.000656167979002625,0,0.000656167979002625,0.00328083989501312,0.00328083989501312
"406",1523,1,0,0,0,0,0,674,1524,"a","a","g","g",0,0,0.000656167979002625,0.000656167979002625,0.000656167979002625,0,0.000656167979002625,0,0.000656167979002625,0.000656167979002625
"407",0,2,0,1522,0,0,0,675,1524,"t","t","c","c",0.00131233595800525,0.00131233595800525,0,0,0,0,0,0,0.00131233595800525,0.00131233595800525
"408",9,0,1515,0,0,0,0,676,1524,"g","g","a","a",0.00590551181102362,0.00590551181102362,0,0,0,0,0,0,0.00590551181102362,0.00590551181102362
"409",1,1523,0,0,0,0,0,677,1524,"c","c","t","t",0,0,0.000656167979002625,0.000656167979002625,0.000656167979002625,0,0.000656167979002625,0,0.000656167979002625,0.000656167979002625
"410",0,0,0,1523,0,0,0,678,1523,"t","t","c","c",0,0,0,0,0,0,0,0,0,0
"411",1523,0,0,0,0,0,0,679,1523,"a","a","g","g",0,0,0,0,0,0,0,0,0,0
"412",0,0,0,1523,0,0,0,680,1523,"t","t","c","c",0,0,0,0,0,0,0,0,0,0
"413",0,0,0,1523,0,0,0,681,1523,"t","t","c","c",0,0,0,0,0,0,0,0,0,0
"414",1523,0,0,0,0,0,0,682,1523,"a","a","g","g",0,0,0,0,0,0,0,0,0,0
"415",0,0,1523,0,0,0,0,683,1523,"g","g","a","a",0,0,0,0,0,0,0,0,0,0
"416",1522,1,0,0,0,0,0,684,1523,"a","a","g","g",0,0,0.000656598818122127,0.000656598818122127,0.000656598818122127,0,0.000656598818122127,0,0.000656598818122127,0.000656598818122127
"417",0,0,0,1523,0,0,0,685,1523,"t","t","c","c",0,0,0,0,0,0,0,0,0,0
"418",0,0,0,1523,0,0,0,686,1523,"t","t","c","c",0,0,0,0,0,0,0,0,0,0
"419",1,0,0,1522,0,0,0,687,1523,"t","t","c","c",0,0,0.000656598818122127,0.000656598818122127,0.000656598818122127,0,0.000656598818122127,0,0.000656598818122127,0.000656598818122127
"420",1521,0,2,0,0,0,0,688,1523,"a","a","g","g",0.00131319763624425,0.00131319763624425,0,0,0,0,0,0,0.00131319763624425,0.00131319763624425
"421",0,0,1523,0,0,0,0,689,1523,"g","g","a","a",0,0,0,0,0,0,0,0,0,0
"422",1523,0,0,0,0,0,0,690,1523,"a","a","g","g",0,0,0,0,0,0,0,0,0,0
"423",0,0,0,1523,0,0,0,691,1523,"t","t","c","c",0,0,0,0,0,0,0,0,0,0
"424",1522,1,0,0,0,0,0,692,1523,"a","a","g","g",0,0,0.000656598818122127,0.000656598818122127,0.000656598818122127,0,0.000656598818122127,0,0.000656598818122127,0.000656598818122127
"425",0,0,0,1523,0,0,0,693,1523,"t","t","c","c",0,0,0,0,0,0,0,0,0,0
"426",0,0,0,1523,0,0,0,694,1523,"t","t","c","c",0,0,0,0,0,0,0,0,0,0
"427",0,0,1523,0,0,0,0,695,1523,"g","g","a","a",0,0,0,0,0,0,0,0,0,0
"428",0,0,0,1523,0,0,0,696,1523,"t","t","c","c",0,0,0,0,0,0,0,0,0,0
"429",0,1,1522,0,0,0,0,697,1523,"g","g","a","a",0,0,0.000656598818122127,0.000656598818122127,0.000656598818122127,0,0.000656598818122127,0,0.000656598818122127,0.000656598818122127
"430",0,1523,0,0,0,0,0,698,1523,"c","c","t","t",0,0,0,0,0,0,0,0,0,0
"431",1523,0,0,0,0,0,0,699,1523,"a","a","g","g",0,0,0,0,0,0,0,0,0,0
"432",0,1522,0,1,0,0,0,700,1523,"c","c","t","t",0.000656598818122127,0.000656598818122127,0,0,0,0,0,0,0.000656598818122127,0.000656598818122127
"433",0,1523,0,0,0,0,0,701,1523,"c","c","t","t",0,0,0,0,0,0,0,0,0,0
"434",705,0,818,0,0,0,0,702,1523,"g","g","a","a",0.4629021667761,0.4629021667761,0,0,0,0,0,0,0.4629021667761,0.4629021667761
"435",0,1523,0,0,0,0,0,703,1523,"c","c","t","t",0,0,0,0,0,0,0,0,0,0
"436",0,1523,0,0,0,0,0,704,1523,"c","c","t","t",0,0,0,0,0,0,0,0,0,0
"437",1523,0,0,0,0,0,0,705,1523,"a","a","g","g",0,0,0,0,0,0,0,0,0,0
"438",0,0,1523,0,0,0,0,706,1523,"g","g","a","a",0,0,0,0,0,0,0,0,0,0
"439",1,0,1522,0,0,0,0,707,1523,"g","g","a","a",0.000656598818122127,0.000656598818122127,0,0,0,0,0,0,0.000656598818122127,0.000656598818122127
"440",1,0,0,1522,0,0,0,708,1523,"t","t","c","c",0,0,0.000656598818122127,0.000656598818122127,0.000656598818122127,0,0.000656598818122127,0,0.000656598818122127,0.000656598818122127
"441",0,0,0,1523,0,0,0,709,1523,"t","t","c","c",0,0,0,0,0,0,0,0,0,0
"442",1523,0,0,0,0,0,0,710,1523,"a","a","g","g",0,0,0,0,0,0,0,0,0,0
"443",0,707,0,816,0,0,0,711,1523,"t","t","c","c",0.464215364412344,0.464215364412344,0,0,0,0,0,0,0.464215364412344,0.464215364412344
"444",1,0,1522,0,0,0,0,712,1523,"g","g","a","a",0.000656598818122127,0.000656598818122127,0,0,0,0,0,0,0.000656598818122127,0.000656598818122127
"445",0,1523,0,0,0,0,0,713,1523,"c","c","t","t",0,0,0,0,0,0,0,0,0,0
"446",0,0,0,1523,0,0,0,714,1523,"t","t","c","c",0,0,0,0,0,0,0,0,0,0
"447",0,0,0,1523,0,0,0,715,1523,"t","t","c","c",0,0,0,0,0,0,0,0,0,0
"448",0,0,0,1523,0,0,0,716,1523,"t","t","c","c",0,0,0,0,0,0,0,0,0,0
"449",0,0,1523,0,0,0,0,717,1523,"g","g","a","a",0,0,0,0,0,0,0,0,0,0
"450",0,1523,0,0,0,0,0,718,1523,"c","c","t","t",0,0,0,0,0,0,0,0,0,0
"451",0,0,0,1523,0,0,0,719,1523,"t","t","c","c",0,0,0,0,0,0,0,0,0,0
"452",0,0,0,1523,0,0,0,720,1523,"t","t","c","c",0,0,0,0,0,0,0,0,0,0
"453",1523,0,0,0,0,0,0,721,1523,"a","a","g","g",0,0,0,0,0,0,0,0,0,0
"454",0,0,1523,0,0,0,0,722,1523,"g","g","a","a",0,0,0,0,0,0,0,0,0,0
"455",0,0,1523,0,0,0,0,723,1523,"g","g","a","a",0,0,0,0,0,0,0,0,0,0
"456",1,0,0,1522,0,0,0,724,1523,"t","t","c","c",0,0,0.000656598818122127,0.000656598818122127,0.000656598818122127,0,0.000656598818122127,0,0.000656598818122127,0.000656598818122127
"457",0,0,1523,0,0,0,0,725,1523,"g","g","a","a",0,0,0,0,0,0,0,0,0,0
"458",0,0,0,1523,0,0,0,726,1523,"t","t","c","c",0,0,0,0,0,0,0,0,0,0
"459",1523,0,0,0,0,0,0,727,1523,"a","a","g","g",0,0,0,0,0,0,0,0,0,0
"460",1523,0,0,0,0,0,0,728,1523,"a","a","g","g",0,0,0,0,0,0,0,0,0,0
"461",0,0,0,1523,0,0,0,729,1523,"t","t","c","c",0,0,0,0,0,0,0,0,0,0
"462",1,0,1522,0,0,0,0,730,1523,"g","g","a","a",0.000656598818122127,0.000656598818122127,0,0,0,0,0,0,0.000656598818122127,0.000656598818122127
"463",1522,0,1,0,0,0,0,731,1523,"a","a","g","g",0.000656598818122127,0.000656598818122127,0,0,0,0,0,0,0.000656598818122127,0.000656598818122127
"464",0,0,0,1523,0,0,0,732,1523,"t","t","c","c",0,0,0,0,0,0,0,0,0,0
"465",1523,0,0,0,0,0,0,733,1523,"a","a","g","g",0,0,0,0,0,0,0,0,0,0
"466",0,1523,0,0,0,0,0,734,1523,"c","c","t","t",0,0,0,0,0,0,0,0,0,0
"467",1523,0,0,0,0,0,0,735,1523,"a","a","g","g",0,0,0,0,0,0,0,0,0,0
"468",1523,0,0,0,0,0,0,736,1523,"a","a","g","g",0,0,0,0,0,0,0,0,0,0
"469",1523,0,0,0,0,0,0,737,1523,"a","a","g","g",0,0,0,0,0,0,0,0,0,0
"470",0,0,0,1523,0,0,0,738,1523,"t","t","c","c",0,0,0,0,0,0,0,0,0,0
"471",0,0,0,1523,0,0,0,739,1523,"t","t","c","c",0,0,0,0,0,0,0,0,0,0
"472",1523,0,0,0,0,0,0,740,1523,"a","a","g","g",0,0,0,0,0,0,0,0,0,0
"473",0,0,0,1523,0,0,0,741,1523,"t","t","c","c",0,0,0,0,0,0,0,0,0,0
"474",0,0,0,1523,0,0,0,742,1523,"t","t","c","c",0,0,0,0,0,0,0,0,0,0
"475",0,1523,0,0,0,0,0,743,1523,"c","c","t","t",0,0,0,0,0,0,0,0,0,0
"476",1523,0,0,0,0,0,0,744,1523,"a","a","g","g",0,0,0,0,0,0,0,0,0,0
"477",0,0,1523,0,0,0,0,745,1523,"g","g","a","a",0,0,0,0,0,0,0,0,0,0
"478",0,0,1523,0,0,0,0,746,1523,"g","g","a","a",0,0,0,0,0,0,0,0,0,0
"479",0,1523,0,0,0,0,0,747,1523,"c","c","t","t",0,0,0,0,0,0,0,0,0,0
"480",1,0,0,1522,0,0,0,748,1523,"t","t","c","c",0,0,0.000656598818122127,0.000656598818122127,0.000656598818122127,0,0.000656598818122127,0,0.000656598818122127,0.000656598818122127
"481",0,0,0,1523,0,0,0,749,1523,"t","t","c","c",0,0,0,0,0,0,0,0,0,0
"482",0,0,0,1523,0,0,0,750,1523,"t","t","c","c",0,0,0,0,0,0,0,0,0,0
"483",2,0,1520,1,0,0,0,751,1523,"g","g","a","a",0.00131319763624425,0.00131319763624425,0.000656598818122127,0.000656598818122127,0,0.000656598818122127,0,0.000656598818122127,0.00196979645436638,0.00196979645436638
"484",0,1523,0,0,0,0,0,752,1523,"c","c","t","t",0,0,0,0,0,0,0,0,0,0
"485",0,0,0,1523,0,0,0,753,1523,"t","t","c","c",0,0,0,0,0,0,0,0,0,0
"486",0,1522,0,1,0,0,0,754,1523,"c","c","t","t",0.000656598818122127,0.000656598818122127,0,0,0,0,0,0,0.000656598818122127,0.000656598818122127
"487",0,1523,0,0,0,0,0,755,1523,"c","c","t","t",0,0,0,0,0,0,0,0,0,0
"488",0,0,0,1523,0,0,0,756,1523,"t","t","c","c",0,0,0,0,0,0,0,0,0,0
"489",1523,0,0,0,0,0,0,757,1523,"a","a","g","g",0,0,0,0,0,0,0,0,0,0
"490",1523,0,0,0,0,0,0,758,1523,"a","a","g","g",0,0,0,0,0,0,0,0,0,0
"491",0,1523,0,0,0,0,0,759,1523,"c","c","t","t",0,0,0,0,0,0,0,0,0,0
"492",0,0,0,1523,0,0,0,760,1523,"t","t","c","c",0,0,0,0,0,0,0,0,0,0
"493",0,0,1523,0,0,0,0,761,1523,"g","g","a","a",0,0,0,0,0,0,0,0,0,0
"494",0,30,0,1493,0,0,0,762,1523,"t","t","c","c",0.0196979645436638,0.0196979645436638,0,0,0,0,0,0,0.0196979645436638,0.0196979645436638
"495",0,0,0,1523,0,0,0,763,1523,"t","t","c","c",0,0,0,0,0,0,0,0,0,0
"496",0,1523,0,0,0,0,0,764,1523,"c","c","t","t",0,0,0,0,0,0,0,0,0,0
"497",0,0,1,1522,0,0,0,765,1523,"t","t","c","c",0,0,0.000656598818122127,0.000656598818122127,0,0.000656598818122127,0,0.000656598818122127,0.000656598818122127,0.000656598818122127
"498",1523,0,0,0,0,0,0,766,1523,"a","a","g","g",0,0,0,0,0,0,0,0,0,0
"499",1519,1,3,0,0,0,0,767,1523,"a","a","g","g",0.00196979645436638,0.00196979645436638,0.000656598818122127,0.000656598818122127,0.000656598818122127,0,0.000656598818122127,0,0.00262639527248851,0.00262639527248851
