"","seqnames","start","A","C","G","T","N","=","-","+","TotalReads"
"1","FJ842859.1","4",0,0,1,0,0,0,0,0,1
"2","FJ842859.1","5",0,0,1,0,0,0,0,0,1
"3","FJ842859.1","6",1,0,0,0,0,0,0,0,1
"4","FJ842859.1","7",0,0,0,1,0,0,0,0,1
"5","FJ842859.1","8",0,0,1,0,0,0,0,0,1
"6","FJ842859.1","9",0,0,0,1,0,0,0,0,1
"7","FJ842859.1","10",0,1,0,0,0,0,0,0,1
"8","FJ842859.1","11",0,0,0,1,0,0,0,0,1
"9","FJ842859.1","12",0,0,0,1,0,0,0,0,1
"10","FJ842859.1","13",0,0,1,0,0,0,0,0,1
"11","FJ842859.1","14",0,0,1,0,0,0,0,0,1
"12","FJ842859.1","15",0,0,1,0,0,0,0,0,1
"13","FJ842859.1","16",1,0,0,0,0,0,0,0,1
"14","FJ842859.1","17",1,0,0,0,0,0,0,0,1
"15","FJ842859.1","18",0,0,0,1,0,0,0,0,1
"16","FJ842859.1","19",0,1,0,0,0,0,0,0,1
"17","FJ842859.1","20",1,0,0,0,0,0,0,0,1
"18","FJ842859.1","21",0,0,1,0,0,0,0,0,1
"19","FJ842859.1","22",0,1,0,0,0,0,0,0,1
"20","FJ842859.1","23",0,0,0,1,0,0,0,0,1
"21","FJ842859.1","24",0,0,1,0,0,0,0,0,1
"22","FJ842859.1","25",0,1,0,0,0,0,0,0,1
"23","FJ842859.1","26",0,0,0,1,0,0,0,0,1
"24","FJ842859.1","27",0,0,0,1,0,0,0,0,1
"25","FJ842859.1","28",1,0,0,0,0,0,0,0,1
"26","FJ842859.1","29",0,0,0,1,0,0,0,0,1
"27","FJ842859.1","30",0,1,0,0,0,0,0,0,1
"28","FJ842859.1","31",0,0,1,0,0,0,0,0,1
"29","FJ842859.1","32",0,1,0,0,0,0,0,0,1
"30","FJ842859.1","33",0,1,0,0,0,0,0,0,1
"31","FJ842859.1","34",1,0,0,0,0,0,0,0,1
"32","FJ842859.1","35",0,0,0,1,0,0,0,0,1
"33","FJ842859.1","36",0,1,0,0,0,0,0,0,1
"34","FJ842859.1","37",0,0,0,1,0,0,0,0,1
"35","FJ842859.1","38",0,0,0,1,0,0,0,0,1
"36","FJ842859.1","39",0,0,1,0,0,0,0,0,1
"37","FJ842859.1","40",0,1,0,0,0,0,0,0,1
"38","FJ842859.1","41",0,0,0,1,0,0,0,0,1
"39","FJ842859.1","42",0,0,0,1,0,0,0,0,1
"40","FJ842859.1","43",0,0,0,1,0,0,0,0,1
"41","FJ842859.1","44",0,0,0,1,0,0,0,0,1
"42","FJ842859.1","45",1,0,0,0,0,0,0,0,1
"43","FJ842859.1","46",1,0,0,0,0,0,0,0,1
"44","FJ842859.1","47",0,0,1,0,0,0,0,0,1
"45","FJ842859.1","48",0,0,0,1,0,0,0,0,1
"46","FJ842859.1","49",0,0,1,0,0,0,0,0,1
"47","FJ842859.1","50",0,1,0,0,0,0,0,0,1
"48","FJ842859.1","51",0,1,0,0,0,0,0,0,1
"49","FJ842859.1","52",0,0,0,1,0,0,0,0,1
"50","FJ842859.1","53",1,0,0,0,0,0,0,0,1
"51","FJ842859.1","54",0,0,0,1,0,0,0,0,1
"52","FJ842859.1","55",0,0,1,0,0,0,0,0,1
"53","FJ842859.1","56",0,0,1,0,0,0,0,0,1
"54","FJ842859.1","57",0,0,1,0,0,0,0,0,1
"55","FJ842859.1","58",1,0,0,0,0,0,0,0,1
"56","FJ842859.1","59",0,0,0,1,0,0,0,0,1
"57","FJ842859.1","60",0,1,0,0,0,0,0,0,1
"58","FJ842859.1","61",0,0,0,1,0,0,0,0,1
"59","FJ842859.1","62",1,0,0,0,0,0,0,0,1
"60","FJ842859.1","63",0,0,0,1,0,0,0,0,1
"61","FJ842859.1","64",0,0,0,1,0,0,0,0,1
"62","FJ842859.1","65",0,0,1,0,0,0,0,0,1
"63","FJ842859.1","66",0,1,0,0,0,0,0,0,1
"64","FJ842859.1","67",1,0,0,0,0,0,0,0,1
"65","FJ842859.1","68",0,1,0,0,0,0,0,0,1
"66","FJ842859.1","69",0,0,0,1,0,0,0,0,1
"67","FJ842859.1","70",0,1,0,0,0,0,0,0,1
"68","FJ842859.1","71",1,0,0,0,0,0,0,0,1
"69","FJ842859.1","72",1,0,0,0,0,0,0,0,1
"70","FJ842859.1","73",0,0,0,1,0,0,0,0,1
"71","FJ842859.1","74",1,0,0,0,0,0,0,0,1
"72","FJ842859.1","75",0,0,0,1,0,0,0,0,1
"73","FJ842859.1","76",0,0,1,0,0,0,0,0,1
"74","FJ842859.1","77",0,0,0,1,0,0,0,0,1
"75","FJ842859.1","78",0,1,0,0,0,0,0,0,1
"76","FJ842859.1","79",1,0,0,0,0,0,0,0,1
"77","FJ842859.1","80",0,1,0,0,0,0,0,0,1
"78","FJ842859.1","81",1,0,0,0,0,0,0,0,1
"79","FJ842859.1","82",0,0,1,0,0,0,0,0,1
"80","FJ842859.1","83",0,0,0,1,0,0,0,0,1
"81","FJ842859.1","84",0,0,0,1,0,0,0,0,1
"82","FJ842859.1","85",0,0,0,1,0,0,0,0,1
"83","FJ842859.1","86",0,0,0,1,0,0,0,0,1
"84","FJ842859.1","87",0,0,0,1,0,0,0,0,1
"85","FJ842859.1","88",0,0,0,1,0,0,0,0,1
"86","FJ842859.1","89",1,0,0,0,0,0,0,0,1
"87","FJ842859.1","90",0,0,0,1,0,0,0,0,1
"88","FJ842859.1","91",0,0,1,0,0,0,0,0,1
"89","FJ842859.1","92",0,0,1,0,0,0,0,0,1
"90","FJ842859.1","93",0,0,0,1,0,0,0,0,1
"91","FJ842859.1","94",0,0,1,0,0,0,0,0,1
"92","FJ842859.1","95",0,0,0,1,0,0,0,0,1
"93","FJ842859.1","96",1,0,0,0,0,0,0,0,1
"94","FJ842859.1","97",0,1,0,0,0,0,0,0,1
"95","FJ842859.1","98",0,1,0,0,0,0,0,0,1
"96","FJ842859.1","99",1,0,0,0,0,0,0,0,1
"97","FJ842859.1","100",0,0,1,0,0,0,0,0,1
"98","FJ842859.1","101",0,1,0,0,0,0,0,0,1
"99","FJ842859.1","236",6,0,0,0,0,0,0,0,6
"100","FJ842859.1","237",0,139,0,0,0,0,0,0,139
"101","FJ842859.1","238",498,2,2,2,0,0,0,0,504
"102","FJ842859.1","239",5146,1132,1596,1660,0,0,0,0,9534
"103","FJ842859.1","240",125,265,366,10959,0,0,0,0,11715
"104","FJ842859.1","241",15316,708,1048,1144,0,0,389,0,18216
"105","FJ842859.1","242",163,28578,498,510,0,0,251,0,29749
"106","FJ842859.1","243",29992,1,6,2,0,0,0,0,30001
"107","FJ842859.1","244",3,3,29996,0,0,0,0,0,30002
"108","FJ842859.1","245",0,4,0,29999,0,0,0,0,30003
"109","FJ842859.1","246",1,29990,1,12,0,0,0,0,30004
"110","FJ842859.1","247",29981,0,10,10,0,0,4,0,30001
"111","FJ842859.1","248",1,29983,6,14,0,0,2,0,30004
"112","FJ842859.1","249",29932,0,13,13,0,0,49,0,29958
"113","FJ842859.1","250",16,5,29978,8,0,0,1,0,30007
"114","FJ842859.1","251",29912,1,4,1,0,0,91,0,29918
"115","FJ842859.1","252",29991,1,10,8,0,0,0,0,30010
"116","FJ842859.1","253",2,29988,1,13,0,0,7,0,30004
"117","FJ842859.1","254",29906,1,10,3,0,0,92,0,29920
"118","FJ842859.1","255",16,2,29970,5,0,0,20,0,29993
"119","FJ842859.1","256",28,2,29979,4,0,0,1,0,30013
"120","FJ842859.1","257",1,29985,1,15,0,0,13,0,30002
"121","FJ842859.1","258",29931,1,7,8,0,0,69,0,29947
"122","FJ842859.1","259",30000,3,3,5,0,0,6,0,30011
"123","FJ842859.1","260",1,7,0,29991,0,0,19,0,29999
"124","FJ842859.1","261",29924,0,11,7,0,0,77,0,29942
"125","FJ842859.1","262",29,1,29958,11,0,0,21,0,29999
"126","FJ842859.1","263",29949,4,10,11,0,0,47,0,29974
"127","FJ842859.1","264",42,3,29916,14,0,0,47,0,29975
"128","FJ842859.1","265",24,4,29990,5,0,0,0,0,30023
"129","FJ842859.1","266",29940,3,39,10,0,0,32,0,29992
"130","FJ842859.1","267",3,6,13,30002,0,0,1,0,30024
"131","FJ842859.1","268",88,6,29921,11,0,0,0,0,30026
"132","FJ842859.1","269",36,67,44,29160,0,0,6,0,29307
"133","FJ842859.1","270",27491,43,91,54,0,0,6,0,27679
"134","FJ842859.1","271",128,98,63,24858,0,0,31,0,25147
"135","FJ842859.1","272",228,43,23517,113,0,0,6,0,23901
"136","FJ842859.1","273",58,31,23075,69,0,0,2,0,23233
"137","FJ842859.1","274",23164,25,72,62,0,0,3,0,23323
"138","FJ842859.1","275",23064,2,49,9,0,0,2,0,23124
"139","FJ842859.1","276",4,46,3,23176,0,0,2,0,23229
"140","FJ842859.1","277",1,23278,0,11,0,0,4,0,23290
"141","FJ842859.1","278",8,41,1,23267,0,0,4,0,23317
"142","FJ842859.1","279",5,23385,0,24,0,0,4,0,23414
"143","FJ842859.1","280",7,48,9,23495,0,0,10,0,23559
"144","FJ842859.1","281",7,45,3,23554,0,0,5,0,23609
"145","FJ842859.1","282",5,53,1,23565,0,0,4,0,23624
"146","FJ842859.1","283",20,1,23602,9,0,0,4,0,23632
"147","FJ842859.1","284",23633,4,72,10,0,0,3,0,23719
"148","FJ842859.1","285",34,4,23810,2,0,0,2,0,23850
"149","FJ842859.1","286",24094,6,45,18,0,0,2,0,24163
"150","FJ842859.1","287",0,24647,1,16,0,0,3,0,24664
"151","FJ842859.1","288",1,24780,2,22,0,0,0,0,24805
"152","FJ842859.1","289",6,50,1,24782,0,0,0,0,24839
"153","FJ842859.1","290",2,24878,1,19,0,0,0,0,24900
"154","FJ842859.1","291",6,35,6,24904,0,0,3,0,24951
"155","FJ842859.1","292",24982,6,39,13,0,0,3,0,25040
"156","FJ842859.1","293",3,28,1,25106,0,0,1,0,25138
"157","FJ842859.1","294",25180,0,38,4,0,0,20,0,25222
"158","FJ842859.1","295",25270,3,37,12,0,0,0,0,25322
"159","FJ842859.1","296",25315,3,50,8,0,0,0,0,25376
"160","FJ842859.1","297",25399,7,54,9,0,0,0,0,25469
"161","FJ842859.1","298",1,25567,0,14,0,0,5,0,25582
"162","FJ842859.1","299",2,25589,0,14,0,0,0,0,25605
"163","FJ842859.1","300",8,25677,1,25,0,0,1,0,25711
"164","FJ842859.1","301",9,45,4,25686,0,0,1,0,25744
"165","FJ842859.1","302",19,2,25760,4,0,0,0,0,25785
"166","FJ842859.1","303",11,58,3,25796,0,0,0,0,25868
"167","FJ842859.1","304",17,6,25909,2,0,0,0,0,25934
"168","FJ842859.1","305",9,32,2,26005,0,0,2,0,26048
"169","FJ842859.1","306",26060,11,56,10,0,0,22,0,26137
"170","FJ842859.1","307",26169,6,56,17,0,0,1,0,26248
"171","FJ842859.1","308",26450,4,52,5,0,0,1,0,26511
"172","FJ842859.1","309",26556,6,45,3,0,0,1,0,26610
"173","FJ842859.1","310",4,34,2,26734,0,0,2,0,26774
"174","FJ842859.1","311",6,56,3,26776,0,0,1,0,26841
"175","FJ842859.1","312",41,2,26840,14,0,0,6,0,26897
"176","FJ842859.1","313",27052,9,68,20,0,0,1,0,27149
"177","FJ842859.1","314",10,27275,1,26,0,0,34,0,27312
"178","FJ842859.1","315",2,27374,1,30,0,0,1,0,27407
"179","FJ842859.1","316",17,27453,3,25,0,0,1,0,27498
"180","FJ842859.1","317",4,27727,1,19,0,0,1,0,27751
"181","FJ842859.1","318",6,27805,1,25,0,0,1,0,27837
"182","FJ842859.1","319",12,32,5,27843,0,0,10,0,27892
"183","FJ842859.1","320",2,24,1,27956,0,0,5,0,27983
"184","FJ842859.1","321",27939,16,41,7,0,0,8,0,28003
"185","FJ842859.1","322",12,61,11,28003,0,0,4,0,28087
"186","FJ842859.1","323",15,0,28069,13,0,0,4,0,28097
"187","FJ842859.1","324",4,28266,3,20,0,0,5,0,28293
"188","FJ842859.1","325",28265,8,54,6,0,0,5,0,28333
"189","FJ842859.1","326",5,40,7,28386,0,0,12,0,28438
"190","FJ842859.1","327",6,77,1,28474,0,0,4,0,28558
"191","FJ842859.1","328",28586,9,41,3,0,0,8,0,28639
"192","FJ842859.1","329",0,28662,1,26,0,0,7,0,28689
"193","FJ842859.1","330",2,28819,5,29,0,0,4,0,28855
"194","FJ842859.1","331",28888,3,32,11,0,0,3,0,28934
"195","FJ842859.1","332",12,50,5,28986,0,0,3,0,29053
"196","FJ842859.1","333",23,3,29176,5,0,0,3,0,29207
"197","FJ842859.1","334",29429,3,50,20,0,0,2,0,29502
"198","FJ842859.1","335",16,3,29653,7,0,0,2,0,29679
"199","FJ842859.1","336",29765,4,77,20,0,0,2,0,29866
"200","FJ842859.1","337",6,55,3,29931,0,0,2,0,29995
"201","FJ842859.1","338",27,1,29937,6,0,0,2,0,29971
"202","FJ842859.1","339",4,29939,4,26,0,0,4,0,29973
"203","FJ842859.1","340",29900,5,62,19,0,0,4,0,29986
"204","FJ842859.1","341",29914,1,52,13,0,0,3,0,29980
"205","FJ842859.1","342",9,57,0,29922,0,0,2,0,29988
"206","FJ842859.1","343",29927,1,35,7,0,0,9,0,29970
"207","FJ842859.1","344",29890,2,58,17,0,0,3,0,29967
"208","FJ842859.1","345",13,1,29897,5,0,0,2,0,29916
"209","FJ842859.1","346",29912,2,55,12,0,0,3,0,29981
"210","FJ842859.1","347",4,29956,1,16,0,0,3,0,29977
"211","FJ842859.1","348",29884,3,78,18,0,0,2,0,29983
"212","FJ842859.1","349",11,6,29939,6,0,0,2,0,29962
"213","FJ842859.1","350",29894,2,57,18,0,0,2,0,29971
"214","FJ842859.1","351",14348,22,39,15514,0,0,1,0,29923
"215","FJ842859.1","352",29830,2,55,13,0,0,1,0,29900
"216","FJ842859.1","353",27,29622,4,29,0,0,0,0,29682
"217","FJ842859.1","354",29531,2,64,14,0,0,1,0,29611
"218","FJ842859.1","355",96,1,28917,6,0,0,1,0,29020
"219","FJ842859.1","356",28941,5,39,18,0,0,0,0,29003
"220","FJ842859.1","357",40,13462,1,14829,0,0,0,0,28332
"221","FJ842859.1","358",28507,2,64,13,0,0,0,0,28586
"222","FJ842859.1","359",13454,1,15099,12,0,0,4,0,28566
"223","FJ842859.1","360",28630,4,58,9,0,0,0,0,28701
"224","FJ842859.1","361",16,34,2,28581,0,0,0,0,28633
"225","FJ842859.1","362",35,2,28519,5,0,0,34,0,28561
"226","FJ842859.1","363",29,4,28437,15,0,0,4,0,28485
"227","FJ842859.1","364",34,2,28440,16,0,0,0,0,28492
"228","FJ842859.1","365",24,2,28471,9,0,0,0,0,28506
"229","FJ842859.1","366",22,0,28491,28,0,0,0,0,28541
"230","FJ842859.1","367",13,50,1,28696,0,0,2,0,28760
"231","FJ842859.1","368",15,36,0,28691,0,0,0,0,28742
"232","FJ842859.1","369",28626,3,42,6,0,0,5,0,28677
"233","FJ842859.1","370",28608,6,45,11,0,0,0,0,28670
"234","FJ842859.1","371",4,28648,2,17,0,0,0,0,28671
"235","FJ842859.1","372",28568,7,61,7,0,0,0,0,28643
"236","FJ842859.1","373",87,2,28478,6,0,0,5,0,28573
"237","FJ842859.1","374",33,0,28486,5,0,0,0,0,28524
"238","FJ842859.1","375",40,3,28465,9,0,0,0,0,28517
"239","FJ842859.1","376",28431,3,61,21,0,0,3,0,28516
"240","FJ842859.1","377",28295,13,65,6,0,0,0,0,28379
"241","FJ842859.1","378",17,56,26,28157,0,0,0,0,28256
"242","FJ842859.1","379",31,3,28063,6,0,0,0,0,28103
"243","FJ842859.1","380",12,12467,3,15450,0,0,37,0,27932
"244","FJ842859.1","381",27844,1,43,5,0,0,37,0,27893
"245","FJ842859.1","382",454,15326,12044,31,0,0,46,0,27855
"246","FJ842859.1","383",9,28068,1,25,0,0,51,0,28103
"247","FJ842859.1","384",28026,2,32,7,0,0,52,0,28067
"248","FJ842859.1","385",27961,2,65,7,0,0,50,0,28035
"249","FJ842859.1","386",7,27924,5,16,0,0,7,0,27952
"250","FJ842859.1","387",27799,3,33,3,0,0,7,0,27838
"251","FJ842859.1","388",27663,3,34,10,0,0,7,0,27710
"252","FJ842859.1","389",46,27512,2,9,0,0,5,0,27569
"253","FJ842859.1","390",27344,6,37,9,0,0,5,0,27396
"254","FJ842859.1","391",27209,3,24,3,0,0,5,0,27239
"255","FJ842859.1","392",2,27019,0,11,0,0,4,0,27032
"256","FJ842859.1","393",26708,9,35,7,0,0,4,0,26759
"257","FJ842859.1","394",12162,6,14509,12,0,0,4,0,26689
"258","FJ842859.1","395",10,26069,2,14,0,0,401,0,26095
"259","FJ842859.1","396",25748,10,28,6,0,0,400,0,25792
"260","FJ842859.1","397",25573,7,36,84,0,0,400,0,25700
"261","FJ842859.1","398",2,25490,1,41,0,0,401,0,25534
"262","FJ842859.1","399",25196,13,41,4,0,0,402,0,25254
"263","FJ842859.1","400",24153,6,880,9,0,0,401,0,25048
"264","FJ842859.1","401",5,25309,0,14,0,0,2,0,25328
"265","FJ842859.1","402",24893,14,19,3,0,0,2,0,24929
"266","FJ842859.1","403",1539,32,28,23182,0,0,2,0,24781
"267","FJ842859.1","404",14,24134,1,475,0,0,7,0,24624
"268","FJ842859.1","405",24283,15,44,8,0,0,7,0,24350
"269","FJ842859.1","406",24106,5,58,16,0,0,7,0,24185
"270","FJ842859.1","407",5,24059,1,20,0,0,2,0,24085
"271","FJ842859.1","408",23775,9,34,6,0,0,3,0,23824
"272","FJ842859.1","409",22808,2,301,21,0,0,2,0,23132
"273","FJ842859.1","410",6,22980,2,18,0,0,5,0,23006
"274","FJ842859.1","411",22625,10,36,9,0,0,3,0,22680
"275","FJ842859.1","412",22486,8,42,17,0,0,3,0,22553
"276","FJ842859.1","413",3,22500,3,16,0,0,3,0,22522
"277","FJ842859.1","414",22303,8,42,7,0,0,3,0,22360
"278","FJ842859.1","415",9,22310,1,12,0,0,5,0,22332
"279","FJ842859.1","416",10,22096,3,25,0,0,0,0,22134
"280","FJ842859.1","417",21489,26,31,6,0,0,5,0,21552
"281","FJ842859.1","418",21018,21,32,14,0,0,0,0,21085
"282","FJ842859.1","419",20737,10,37,1,0,0,0,0,20785
"283","FJ842859.1","420",20102,30,31,11,0,0,0,0,20174
"284","FJ842859.1","421",14,2,19758,7,0,0,0,0,19781
"285","FJ842859.1","422",11222,6,7440,14,0,0,32,0,18682
"286","FJ842859.1","423",18400,13,19,6,0,0,33,0,18438
"287","FJ842859.1","424",18205,0,64,11,0,0,33,0,18280
"288","FJ842859.1","425",2,18194,6,24,0,0,1,0,18226
"289","FJ842859.1","426",18043,3,27,8,0,0,1,0,18081
"290","FJ842859.1","427",10698,10,7169,13,0,0,0,0,17890
"291","FJ842859.1","428",17718,4,48,6,0,0,0,0,17776
"292","FJ842859.1","429",19,17,5,17617,0,0,0,0,17658
"293","FJ842859.1","430",19,0,16956,1,0,0,0,0,16976
"294","FJ842859.1","431",12,23,1,16789,0,0,0,0,16825
"295","FJ842859.1","432",4,37,2,16754,0,0,0,0,16797
"296","FJ842859.1","433",87,3,16627,1,0,0,2,0,16718
"297","FJ842859.1","434",6,26,3,16666,0,0,0,0,16701
"298","FJ842859.1","435",16538,3,25,5,0,0,6,0,16571
"299","FJ842859.1","436",16431,6,31,4,0,0,0,0,16472
"300","FJ842859.1","437",16414,3,29,6,0,0,0,0,16452
"301","FJ842859.1","438",5,43,1,16272,0,0,0,0,16321
"302","FJ842859.1","439",16,4,16007,5,0,0,0,0,16032
"303","FJ842859.1","440",15930,2,33,7,0,0,2,0,15972
"304","FJ842859.1","441",15788,5,42,12,0,0,0,0,15847
"305","FJ842859.1","442",15703,2,44,8,0,0,0,0,15757
"306","FJ842859.1","443",7,15655,1,16,0,0,0,0,15679
"307","FJ842859.1","444",9,30,3,15553,0,0,1,0,15595
"308","FJ842859.1","445",15313,11,17,5,0,0,0,0,15346
"309","FJ842859.1","446",12,1,15238,4,0,0,0,0,15255
"310","FJ842859.1","447",3,29,2,15162,0,0,0,0,15196
"311","FJ842859.1","448",10,36,0,15097,0,0,0,0,15143
"312","FJ842859.1","449",2,15125,0,12,0,0,0,0,15139
"313","FJ842859.1","450",6,31,0,14784,0,0,2,0,14821
"314","FJ842859.1","451",2,29,2,14714,0,0,1,0,14747
"315","FJ842859.1","452",8,0,14638,3,0,0,4,0,14649
"316","FJ842859.1","453",0,30,0,14581,0,0,0,0,14611
"317","FJ842859.1","454",12,0,14452,5,0,0,0,0,14469
"318","FJ842859.1","455",2,9,2,14279,0,0,2,0,14292
"319","FJ842859.1","456",13869,7,22,3,0,0,30,0,13901
"320","FJ842859.1","457",13590,21,32,9,0,0,2,0,13652
"321","FJ842859.1","458",13478,10,22,5,0,0,0,0,13515
"322","FJ842859.1","459",13283,8,45,2,0,0,0,0,13338
"323","FJ842859.1","460",13033,25,26,7,0,0,0,0,13091
"324","FJ842859.1","461",13007,13,38,5,0,0,0,0,13063
"325","FJ842859.1","462",0,12999,1,8,0,0,0,0,13008
"326","FJ842859.1","463",12798,4,21,4,0,0,0,0,12827
"327","FJ842859.1","464",12519,6,26,9,0,0,0,0,12560
"328","FJ842859.1","465",4,9,0,12396,0,0,0,0,12409
"329","FJ842859.1","466",12167,5,18,3,0,0,1,0,12193
"330","FJ842859.1","467",12006,0,21,8,0,0,0,0,12035
"331","FJ842859.1","468",5,15,1,11941,0,0,0,0,11962
"332","FJ842859.1","469",7,21,1,11794,0,0,0,0,11823
"333","FJ842859.1","470",14,2,11663,1,0,0,1,0,11680
"334","FJ842859.1","471",8,15,0,11601,0,0,1,0,11624
"335","FJ842859.1","472",11461,4,19,5,0,0,1,0,11489
"336","FJ842859.1","473",0,11460,1,16,0,0,0,0,11477
"337","FJ842859.1","474",11368,1,19,11,0,0,0,0,11399
"338","FJ842859.1","475",8,1,10689,2,0,0,1,0,10700
"339","FJ842859.1","476",7,0,10379,1,0,0,0,0,10387
"340","FJ842859.1","477",0,10108,0,4,0,0,0,0,10112
"341","FJ842859.1","478",6,14,0,9891,0,0,1,0,9911
"342","FJ842859.1","479",3,10,0,9872,0,0,0,0,9885
"343","FJ842859.1","480",9492,6,11,4,0,0,1,0,9513
"344","FJ842859.1","481",12,0,9226,3,0,0,1,0,9241
"345","FJ842859.1","482",8671,1,404,3,0,0,0,0,9079
"346","FJ842859.1","483",2017,3,6378,3,0,0,0,0,8401
"347","FJ842859.1","484",1,8337,2,5,0,0,1,0,8345
"348","FJ842859.1","485",4105,2023,1978,6,0,0,0,0,8112
"349","FJ842859.1","486",3510,8,4420,1,0,0,0,0,7939
"350","FJ842859.1","487",14,0,7704,1,0,0,0,0,7719
"351","FJ842859.1","488",7689,1,11,1,0,0,0,0,7702
"352","FJ842859.1","489",7650,2,22,5,0,0,0,0,7679
"353","FJ842859.1","490",16,7532,0,5,0,0,0,0,7553
"354","FJ842859.1","491",15,7412,0,7,0,0,0,0,7434
"355","FJ842859.1","492",7122,5,10,4,0,0,0,0,7141
"356","FJ842859.1","493",6795,5,8,4,0,0,0,0,6812
"357","FJ842859.1","494",0,5,2,6630,0,0,1,0,6637
"358","FJ842859.1","495",7,1,6513,4,0,0,0,0,6525
"359","FJ842859.1","496",10,0,6246,2,0,0,0,0,6258
"360","FJ842859.1","497",3,6,1,6113,0,0,0,0,6123
"361","FJ842859.1","498",6002,4,8,0,0,0,1,0,6014
"362","FJ842859.1","499",5805,9,12,1,0,0,0,0,5827
"363","FJ842859.1","500",5,0,5731,2,0,0,0,0,5738
"364","FJ842859.1","501",2,5679,0,4,0,0,0,0,5685
"365","FJ842859.1","502",3,13,0,5594,0,0,0,0,5610
"366","FJ842859.1","503",0,0,5462,1,0,0,0,0,5463
"367","FJ842859.1","504",1,3,0,5347,0,0,0,0,5351
"368","FJ842859.1","505",5124,3,2,3,0,0,1,0,5132
"369","FJ842859.1","506",4786,30,10,5,0,0,0,0,4831
"370","FJ842859.1","507",4723,1,7,3,0,0,0,0,4734
"371","FJ842859.1","508",0,3,0,4653,0,0,0,0,4656
"372","FJ842859.1","509",1,7,0,4436,0,0,0,0,4444
"373","FJ842859.1","510",2,3,1,4320,0,0,0,0,4326
"374","FJ842859.1","511",4178,0,5,3,0,0,0,0,4186
"375","FJ842859.1","512",4089,0,2,1,0,0,0,0,4092
"376","FJ842859.1","513",2,4051,0,7,0,0,0,0,4060
"377","FJ842859.1","514",3848,0,3,3,0,0,0,0,3854
"378","FJ842859.1","515",0,6,1,3743,0,0,0,0,3750
"379","FJ842859.1","516",4,0,3323,0,0,0,0,0,3327
"380","FJ842859.1","517",3108,0,5,2,0,0,0,0,3115
"381","FJ842859.1","518",0,2926,1,2,0,0,0,0,2929
"382","FJ842859.1","519",127,0,1,2703,0,0,0,0,2831
"383","FJ842859.1","520",3,0,2608,1,0,0,0,0,2612
"384","FJ842859.1","521",2,0,2400,0,0,0,0,0,2402
"385","FJ842859.1","522",1,1,2280,1,0,0,0,0,2283
"386","FJ842859.1","523",1,0,0,2174,0,0,0,0,2175
"387","FJ842859.1","524",0,0,0,2088,0,0,0,0,2088
"388","FJ842859.1","525",2011,0,1,2,0,0,0,0,2014
"389","FJ842859.1","526",1720,2,3,1,0,0,0,0,1726
"390","FJ842859.1","527",1665,0,4,0,0,0,0,0,1669
"391","FJ842859.1","528",932,0,4,0,0,0,0,0,936
"392","FJ842859.1","529",871,0,3,1,0,0,0,0,875
"393","FJ842859.1","530",0,0,711,0,0,0,0,0,711
"394","FJ842859.1","531",1,0,680,1,0,0,0,0,682
"395","FJ842859.1","532",2,0,609,0,0,0,0,0,611
"396","FJ842859.1","533",597,0,0,0,0,0,0,0,597
"397","FJ842859.1","534",0,590,0,1,0,0,0,0,591
"398","FJ842859.1","535",547,0,2,0,0,0,0,0,549
"399","FJ842859.1","536",501,0,1,0,0,0,0,0,502
"400","FJ842859.1","537",451,0,1,1,0,0,0,0,453
"401","FJ842859.1","538",407,0,3,0,0,0,0,0,410
"402","FJ842859.1","539",350,0,40,0,0,0,0,0,390
"403","FJ842859.1","540",0,0,45,0,0,0,0,0,45
"404","FJ842859.1","541",48,0,0,0,0,0,0,0,48
"405","FJ842859.1","542",48,0,0,0,0,0,0,0,48
"406","FJ842859.1","543",48,0,0,0,0,0,0,0,48
"407","FJ842859.1","544",0,0,50,0,0,0,0,0,50
"408","FJ842859.1","545",53,0,0,0,0,0,0,0,53
"409","FJ842859.1","546",59,0,0,0,0,0,0,0,59
"410","FJ842859.1","547",0,0,0,60,0,0,0,0,60
"411","FJ842859.1","548",64,0,0,0,0,0,0,0,64
"412","FJ842859.1","549",0,29,0,37,0,0,0,0,66
"413","FJ842859.1","550",82,0,0,0,0,0,0,0,82
"414","FJ842859.1","551",86,0,0,0,0,0,0,0,86
"415","FJ842859.1","552",0,0,0,92,0,0,0,0,92
"416","FJ842859.1","553",0,0,96,0,0,0,0,0,96
"417","FJ842859.1","554",100,0,0,0,0,0,0,0,100
"418","FJ842859.1","555",100,0,0,0,0,0,0,0,100
"419","FJ842859.1","556",104,0,0,0,0,0,0,0,104
"420","FJ842859.1","557",0,107,0,0,0,0,0,0,107
"421","FJ842859.1","558",158,0,0,0,0,0,0,0,158
"422","FJ842859.1","559",0,0,1,168,0,0,0,0,169
"423","FJ842859.1","560",0,0,186,0,0,0,0,0,186
"424","FJ842859.1","561",0,0,193,0,0,0,0,0,193
"425","FJ842859.1","562",0,0,0,198,0,0,0,0,198
"426","FJ842859.1","563",203,0,0,0,0,0,0,0,203
"427","FJ842859.1","564",0,2,0,223,0,0,0,0,225
"428","FJ842859.1","565",0,0,0,269,0,0,0,0,269
"429","FJ842859.1","566",0,326,0,0,0,0,0,0,326
"430","FJ842859.1","567",525,0,0,0,0,0,0,0,525
"431","FJ842859.1","568",674,1,1,0,0,0,0,0,676
"432","FJ842859.1","569",0,8,724,0,0,0,0,0,732
"433","FJ842859.1","570",806,0,0,0,0,0,0,0,806
"434","FJ842859.1","571",0,0,849,0,0,0,0,0,849
"435","FJ842859.1","572",892,0,1,0,0,0,0,0,893
"436","FJ842859.1","573",0,1,0,1011,0,0,0,0,1012
"437","FJ842859.1","574",0,1,18,1048,0,0,0,0,1067
"438","FJ842859.1","575",0,0,2,1419,0,0,0,0,1421
"439","FJ842859.1","576",1584,2,1,0,0,0,0,0,1587
"440","FJ842859.1","577",1660,0,6,1,0,0,0,0,1667
"441","FJ842859.1","578",1,2,2,1771,0,0,0,0,1776
"442","FJ842859.1","579",2039,0,0,0,0,0,0,0,2039
"443","FJ842859.1","580",0,3,1,2298,0,0,0,0,2302
"444","FJ842859.1","581",1,0,2560,0,0,0,0,0,2561
"445","FJ842859.1","582",1,3,0,2603,0,0,0,0,2607
"446","FJ842859.1","583",2,0,2735,1,0,0,0,0,2738
"447","FJ842859.1","584",2838,0,0,2,0,0,0,0,2840
"448","FJ842859.1","585",2850,1,4,0,0,0,0,0,2855
"449","FJ842859.1","586",6,2952,0,3,0,0,0,0,2961
"450","FJ842859.1","587",4495,0,6,2,0,0,1,0,4503
"451","FJ842859.1","588",4977,0,7,0,0,0,1,0,4984
"452","FJ842859.1","589",5092,0,6,2,0,0,0,0,5100
"453","FJ842859.1","590",2556,1,2667,0,0,0,0,0,5224
"454","FJ842859.1","591",2,2,4,5487,0,0,0,0,5495
"455","FJ842859.1","592",6415,0,7,2,0,0,0,0,6424
"456","FJ842859.1","593",3192,3351,9,4,0,0,0,0,6556
"457","FJ842859.1","594",1,6,3,8461,0,0,0,0,8471
"458","FJ842859.1","595",9695,0,9,2,0,0,0,0,9706
"459","FJ842859.1","596",10484,1,6,1,0,0,0,0,10492
"460","FJ842859.1","597",4,17,3,10871,0,0,0,0,10895
"461","FJ842859.1","598",117,0,11715,2,0,0,0,0,11834
"462","FJ842859.1","599",127,3,12118,2,0,0,0,0,12250
"463","FJ842859.1","600",12611,0,22,1,0,0,0,0,12634
"464","FJ842859.1","601",13048,2,36,10,0,0,1,0,13096
"465","FJ842859.1","602",6453,1,7412,2,0,0,4,0,13868
"466","FJ842859.1","603",4,19,5,14662,0,0,0,0,14690
"467","FJ842859.1","604",31,2,16044,1,0,0,0,0,16078
"468","FJ842859.1","605",16403,2,31,7,0,0,0,0,16443
"469","FJ842859.1","606",16864,1,37,5,0,0,0,0,16907
"470","FJ842859.1","607",17296,0,34,6,0,0,0,0,17336
"471","FJ842859.1","608",11,1,17636,2,0,0,0,0,17650
"472","FJ842859.1","609",1,12,19,17861,0,0,0,0,17893
"473","FJ842859.1","610",18742,1,19,7,0,0,0,0,18769
"474","FJ842859.1","611",19169,1,23,7,0,0,0,0,19200
"475","FJ842859.1","612",19676,1,33,3,0,0,0,0,19713
"476","FJ842859.1","613",5,23,29,20314,0,0,0,0,20371
"477","FJ842859.1","614",10,0,21411,1,0,0,0,0,21422
"478","FJ842859.1","615",10,30,227,21200,0,0,2,0,21467
"479","FJ842859.1","616",3,30,73,22415,0,0,0,0,22521
"480","FJ842859.1","617",24120,2,39,14,0,0,1,0,24175
"481","FJ842859.1","618",314,23992,1,28,0,0,0,0,24335
"482","FJ842859.1","619",26355,3,49,3,0,0,0,0,26410
"483","FJ842859.1","620",8,64,12,27100,0,0,0,0,27184
"484","FJ842859.1","621",26,3,28520,3,0,0,1,0,28552
"485","FJ842859.1","622",28839,2,51,17,0,0,0,0,28909
"486","FJ842859.1","623",29328,4,49,5,0,0,0,0,29386
"487","FJ842859.1","624",16,25,19,29892,0,0,0,0,29952
"488","FJ842859.1","625",138,29832,0,28,0,0,0,0,29998
"489","FJ842859.1","626",29959,3,34,4,0,0,0,0,30000
"490","FJ842859.1","627",4,44,244,29706,0,0,3,0,29998
"491","FJ842859.1","628",15,43,91,29851,0,0,2,0,30000
"492","FJ842859.1","629",26,2,29970,5,0,0,0,0,30003
"493","FJ842859.1","630",10,42,11,29941,0,0,0,0,30004
"494","FJ842859.1","631",29959,3,37,6,0,0,0,0,30005
"495","FJ842859.1","632",29951,3,36,13,0,0,0,0,30003
"496","FJ842859.1","633",248,29720,0,35,0,0,0,0,30003
"497","FJ842859.1","634",29943,0,49,12,0,0,0,0,30004
"498","FJ842859.1","635",213,29773,0,17,0,0,0,0,30003
"499","FJ842859.1","636",222,29753,1,27,0,0,0,0,30003
"500","FJ842859.1","637",29957,0,37,10,0,0,0,0,30004
"501","FJ842859.1","638",12,2,29987,4,0,0,0,0,30005
"502","FJ842859.1","639",14,32,11,29946,0,0,0,0,30003
"503","FJ842859.1","640",29965,4,22,10,0,0,0,0,30001
"504","FJ842859.1","641",10,52,63,29874,0,0,0,0,29999
"505","FJ842859.1","642",3,26,41,29928,0,0,0,0,29998
"506","FJ842859.1","643",29967,1,24,8,0,0,0,0,30000
"507","FJ842859.1","644",3,69,53,29874,0,0,0,0,29999
"508","FJ842859.1","645",12,67,37,29878,0,0,0,0,29994
"509","FJ842859.1","646",159,29812,1,26,0,0,0,0,29998
"510","FJ842859.1","647",29937,1,50,8,0,0,0,0,29996
"511","FJ842859.1","648",29940,0,50,9,0,0,0,0,29999
"512","FJ842859.1","649",20,0,29976,4,0,0,0,0,30000
"513","FJ842859.1","650",29931,0,49,18,0,0,0,0,29998
"514","FJ842859.1","651",29942,2,40,15,0,0,0,0,29999
"515","FJ842859.1","652",9,57,6,29923,0,0,0,0,29995
"516","FJ842859.1","653",68,29900,1,29,0,0,0,0,29998
"517","FJ842859.1","654",10,29957,0,31,0,0,0,0,29998
"518","FJ842859.1","655",11,46,8,29933,0,0,0,0,29998
"519","FJ842859.1","656",26,2,29967,4,0,0,0,0,29999
"520","FJ842859.1","657",15,64,4,29914,0,0,0,0,29997
"521","FJ842859.1","658",36,1,29948,7,0,0,0,0,29992
"522","FJ842859.1","659",29902,1,69,24,0,0,0,0,29996
"523","FJ842859.1","660",31,29915,2,45,0,0,0,0,29993
"524","FJ842859.1","661",29896,0,78,14,0,0,0,0,29988
"525","FJ842859.1","662",29941,2,48,9,0,0,0,0,30000
"526","FJ842859.1","663",22,2,29966,4,0,0,0,0,29994
"527","FJ842859.1","664",10,29948,0,40,0,0,0,0,29998
"528","FJ842859.1","665",29944,2,42,11,0,0,0,0,29999
"529","FJ842859.1","666",7,43,13,29924,0,0,0,0,29987
"530","FJ842859.1","667",4,35,11,29937,0,0,0,0,29987
"531","FJ842859.1","668",29955,1,32,8,0,0,0,0,29996
"532","FJ842859.1","669",8,44,34,29902,0,0,0,0,29988
"533","FJ842859.1","670",10,32,9,29946,0,0,0,0,29997
"534","FJ842859.1","671",40,5,29944,9,0,0,2,0,29998
"535","FJ842859.1","672",24,6,29954,17,0,0,0,0,30001
"536","FJ842859.1","673",35,1,29957,9,0,0,0,0,30002
"537","FJ842859.1","674",29915,2,71,10,0,0,0,0,29998
"538","FJ842859.1","675",8,44,4,29939,0,0,0,0,29995
"539","FJ842859.1","676",104,1,29889,6,0,0,0,0,30000
"540","FJ842859.1","677",7,29969,1,23,0,0,0,0,30000
"541","FJ842859.1","678",11,30,1,29959,0,0,0,0,30001
"542","FJ842859.1","679",29931,2,54,15,0,0,0,0,30002
"543","FJ842859.1","680",16,46,3,29937,0,0,0,0,30002
"544","FJ842859.1","681",4,33,5,29959,0,0,0,0,30001
"545","FJ842859.1","682",29952,3,39,8,0,0,1,0,30002
"546","FJ842859.1","683",13,1,29986,4,0,0,0,0,30004
"547","FJ842859.1","684",29921,2,66,9,0,0,0,0,29998
"548","FJ842859.1","685",3,35,4,29956,0,0,1,0,29998
"549","FJ842859.1","686",10,43,1,29944,0,0,0,0,29998
"550","FJ842859.1","687",2,38,8,29952,0,0,0,0,30000
"551","FJ842859.1","688",29936,6,38,14,0,0,0,0,29994
"552","FJ842859.1","689",28,2,29955,7,0,0,2,0,29992
"553","FJ842859.1","690",29932,2,53,11,0,0,2,0,29998
"554","FJ842859.1","691",7,35,0,29957,0,0,2,0,29999
"555","FJ842859.1","692",29965,1,28,2,0,0,2,0,29996
"556","FJ842859.1","693",12,68,0,29910,0,0,2,0,29990
"557","FJ842859.1","694",10,53,8,29908,0,0,2,0,29979
"558","FJ842859.1","695",24,4,29906,2,0,0,2,0,29936
"559","FJ842859.1","696",17,79,6,29851,0,0,2,0,29953
"560","FJ842859.1","697",31,0,29792,6,0,0,0,0,29829
"561","FJ842859.1","698",4,29721,0,41,0,0,0,0,29766
"562","FJ842859.1","699",29855,2,76,11,0,0,0,0,29944
"563","FJ842859.1","700",6,29851,2,30,0,0,0,0,29889
"564","FJ842859.1","701",6,29901,5,29,0,0,0,0,29941
"565","FJ842859.1","702",13898,7,16051,20,0,0,0,0,29976
"566","FJ842859.1","703",3,29906,0,28,0,0,2,0,29937
"567","FJ842859.1","704",7,29945,3,29,0,0,1,0,29984
"568","FJ842859.1","705",29916,3,52,20,0,0,1,0,29991
"569","FJ842859.1","706",20,1,29963,9,0,0,0,0,29993
"570","FJ842859.1","707",24,2,29958,5,0,0,0,0,29989
"571","FJ842859.1","708",8,53,4,29889,0,0,4,0,29954
"572","FJ842859.1","709",6,32,3,29950,0,0,0,0,29991
"573","FJ842859.1","710",29935,2,43,10,0,0,2,0,29990
"574","FJ842859.1","711",8,13872,5,16095,0,0,1,0,29980
"575","FJ842859.1","712",26,3,29948,4,0,0,1,0,29981
"576","FJ842859.1","713",6,29956,1,23,0,0,1,0,29986
"577","FJ842859.1","714",12,69,3,29901,0,0,3,0,29985
"578","FJ842859.1","715",11,55,3,29921,0,0,2,0,29990
"579","FJ842859.1","716",7,55,4,29927,0,0,0,0,29993
"580","FJ842859.1","717",16,1,29971,7,0,0,0,0,29995
"581","FJ842859.1","718",3,29920,3,21,0,0,0,0,29947
"582","FJ842859.1","719",9,40,2,29932,0,0,6,0,29983
"583","FJ842859.1","720",2,67,2,29924,0,0,0,0,29995
"584","FJ842859.1","721",29949,7,29,7,0,0,3,0,29992
"585","FJ842859.1","722",31,3,29957,4,0,0,1,0,29995
"586","FJ842859.1","723",38,3,29945,6,0,0,1,0,29992
"587","FJ842859.1","724",13,78,5,29899,0,0,1,0,29995
"588","FJ842859.1","725",25,2,29961,8,0,0,1,0,29996
"589","FJ842859.1","726",11,41,2,29935,0,0,2,0,29989
"590","FJ842859.1","727",29937,2,33,18,0,0,5,0,29990
"591","FJ842859.1","728",29929,4,53,8,0,0,1,0,29994
"592","FJ842859.1","729",14,46,5,29908,0,0,2,0,29973
"593","FJ842859.1","730",35,1,29947,4,0,0,1,0,29987
"594","FJ842859.1","731",29926,3,44,15,0,0,1,0,29988
"595","FJ842859.1","732",8,46,5,29889,0,0,3,0,29948
"596","FJ842859.1","733",29930,9,41,12,0,0,3,0,29992
"597","FJ842859.1","734",5,29951,6,25,0,0,4,0,29987
"598","FJ842859.1","735",29891,2,76,15,0,0,6,0,29984
"599","FJ842859.1","736",29933,1,51,6,0,0,5,0,29991
"600","FJ842859.1","737",29931,3,54,7,0,0,3,0,29995
"601","FJ842859.1","738",11,45,1,29937,0,0,4,0,29994
"602","FJ842859.1","739",5,36,1,29945,0,0,3,0,29987
"603","FJ842859.1","740",29941,1,37,14,0,0,3,0,29993
"604","FJ842859.1","741",11,53,3,29900,0,0,3,0,29967
"605","FJ842859.1","742",13,45,2,29927,0,0,1,0,29987
"606","FJ842859.1","743",7,29893,4,34,0,0,1,0,29938
"607","FJ842859.1","744",29940,2,45,10,0,0,0,0,29997
"608","FJ842859.1","745",18,0,29972,4,0,0,0,0,29994
"609","FJ842859.1","746",23,0,29942,7,0,0,0,0,29972
"610","FJ842859.1","747",4,29905,3,31,0,0,0,0,29943
"611","FJ842859.1","748",13,54,6,29912,0,0,3,0,29985
"612","FJ842859.1","749",16,48,0,29916,0,0,0,0,29980
"613","FJ842859.1","750",10,44,4,29934,0,0,0,0,29992
"614","FJ842859.1","751",45,3,29876,13,0,0,0,0,29937
"615","FJ842859.1","752",4,29843,2,22,0,0,0,0,29871
"616","FJ842859.1","753",11,63,5,29765,0,0,0,0,29844
"617","FJ842859.1","754",7,29753,1,29,0,0,2,0,29790
"618","FJ842859.1","755",2,29718,1,12,0,0,0,0,29733
"619","FJ842859.1","756",7,49,1,29618,0,0,2,0,29675
"620","FJ842859.1","757",29465,2,41,12,0,0,4,0,29520
"621","FJ842859.1","758",29434,6,40,19,0,0,0,0,29499
"622","FJ842859.1","759",7,29479,1,20,0,0,0,0,29507
"623","FJ842859.1","760",3,57,3,29346,0,0,0,0,29409
"624","FJ842859.1","761",20,3,29403,4,0,0,0,0,29430
"625","FJ842859.1","762",8,710,3,28683,0,0,1,0,29404
"626","FJ842859.1","763",12,61,12,28840,0,0,0,0,28925
"627","FJ842859.1","764",2,29398,2,29,0,0,0,0,29431
"628","FJ842859.1","765",8,48,26,29404,0,0,2,0,29486
"629","FJ842859.1","766",29948,1,30,6,0,0,13,0,29985
"630","FJ842859.1","767",29896,2,77,24,0,0,0,0,29999
"631","FJ842859.1","768",53,1,29941,3,0,0,0,0,29998
"632","FJ842859.1","769",24,2,29968,3,0,0,0,0,29997
"633","FJ842859.1","770",4,44,26,29916,0,0,0,0,29990
"634","FJ842859.1","771",29926,0,43,10,0,0,3,0,29979
"635","FJ842859.1","772",21,2,29954,4,0,0,1,0,29981
"636","FJ842859.1","773",21,45,9,29904,0,0,1,0,29979
"637","FJ842859.1","774",31,1,29934,3,0,0,5,0,29969
"638","FJ842859.1","775",24,3,29937,6,0,0,0,0,29970
"639","FJ842859.1","776",8,64,3,29867,0,0,20,0,29942
"640","FJ842859.1","777",7,70,1,29879,0,0,2,0,29957
"641","FJ842859.1","778",11,53,13,29822,0,0,6,0,29899
"642","FJ842859.1","779",3,29841,5,35,0,0,7,0,29884
"643","FJ842859.1","780",8,71,7,29790,0,0,10,0,29876
"644","FJ842859.1","781",8,47,1,29827,0,0,1,0,29883
"645","FJ842859.1","782",7,29824,2,35,0,0,8,0,29868
"646","FJ842859.1","783",29792,2,58,13,0,0,5,0,29865
"647","FJ842859.1","784",10,67,3,29777,0,0,5,0,29857
"648","FJ842859.1","785",44,0,29791,2,0,0,4,0,29837
"649","FJ842859.1","786",11,29509,4,32,0,0,4,0,29556
"650","FJ842859.1","787",29449,1,79,19,0,0,1,0,29548
"651","FJ842859.1","788",4,29361,3,42,0,0,3,0,29410
"652","FJ842859.1","789",29335,0,62,8,0,0,0,0,29405
"653","FJ842859.1","790",29352,1,44,6,0,0,0,0,29403
"654","FJ842859.1","791",20,0,29368,4,0,0,0,0,29392
"655","FJ842859.1","792",29303,0,13,4,0,0,0,0,29320
"656","FJ842859.1","793",29261,0,1,0,0,0,0,0,29262
"657","FJ842859.1","794",2,0,1,29198,0,0,0,0,29201
"658","FJ842859.1","795",0,0,29137,0,0,0,1,0,29137
"659","FJ842859.1","796",29034,0,0,0,0,0,1,0,29034
"660","FJ842859.1","797",120,106,90,6768,0,0,6,0,7084
"661","FJ842859.1","798",46,16,1778,17,0,0,11,0,1857
"662","FJ842859.1","799",11,13,497,18,0,0,8,0,539
"663","FJ842859.1","800",239,3,5,1,0,0,4,0,248
"664","FJ842859.1","801",5,6,129,7,0,0,0,0,147
"665","FJ842859.1","802",110,4,2,0,0,0,0,0,116
"666","FJ842859.1","803",5,77,2,4,0,0,1,0,88
"667","FJ842859.1","804",70,0,1,0,0,0,1,0,71
"668","FJ842859.1","805",0,58,0,1,0,0,0,0,59
"669","FJ842859.1","806",49,0,2,3,0,0,0,0,54
"670","FJ842859.1","807",48,0,0,0,0,0,0,0,48
"671","FJ842859.1","808",23,0,0,0,0,0,0,0,23
"672","FJ842859.1","809",0,22,0,0,0,0,0,0,22
"673","FJ842859.1","810",0,22,0,0,0,0,0,0,22
"674","FJ842859.1","811",0,0,0,18,0,0,0,0,18
"675","FJ842859.1","812",0,20,0,0,0,0,0,0,20
"676","FJ842859.1","813",0,0,0,19,0,0,0,0,19
"677","FJ842859.1","814",19,0,0,0,0,0,0,0,19
"678","FJ842859.1","815",0,19,0,0,0,0,0,0,19
"679","FJ842859.1","816",0,0,0,17,0,0,0,0,17
"680","FJ842859.1","817",0,0,0,17,0,0,0,0,17
"681","FJ842859.1","818",0,0,17,0,0,0,0,0,17
"682","FJ842859.1","819",0,0,17,0,0,0,0,0,17
"683","FJ842859.1","820",0,0,0,17,0,0,0,0,17
"684","FJ842859.1","821",0,0,0,10,0,0,0,0,10
"685","FJ842859.1","822",0,0,0,10,0,0,0,0,10
"686","FJ842859.1","823",0,0,10,0,0,0,0,0,10
"687","FJ842859.1","824",0,0,10,0,0,0,0,0,10
"688","FJ842859.1","825",0,0,0,10,0,0,0,0,10
"689","FJ842859.1","826",0,0,0,9,0,0,0,0,9
"690","FJ842859.1","827",0,0,0,10,0,0,0,0,10
"691","FJ842859.1","828",0,10,0,0,0,0,0,0,10
"692","FJ842859.1","829",10,0,0,0,0,0,0,0,10
"693","FJ842859.1","830",10,0,0,0,0,0,0,0,10
"694","FJ842859.1","831",0,0,0,10,0,0,0,0,10
"695","FJ842859.1","832",0,0,10,0,0,0,0,0,10
"696","FJ842859.1","833",0,0,10,0,0,0,0,0,10
"697","FJ842859.1","834",0,0,0,10,0,0,0,0,10
"698","FJ842859.1","835",10,0,0,0,0,0,0,0,10
"699","FJ842859.1","836",0,10,0,0,0,0,0,0,10
"700","FJ842859.1","837",0,1,0,9,0,0,0,0,10
"701","FJ842859.1","838",10,0,0,0,0,0,0,0,10
"702","FJ842859.1","839",0,0,10,0,0,0,0,0,10
"703","FJ842859.1","840",0,0,10,0,0,0,0,0,10
"704","FJ842859.1","841",0,0,10,0,0,0,0,0,10
"705","FJ842859.1","842",0,10,0,0,0,0,0,0,10
"706","FJ842859.1","843",10,0,0,0,0,0,0,0,10
"707","FJ842859.1","844",0,0,10,0,0,0,0,0,10
"708","FJ842859.1","845",10,0,0,0,0,0,0,0,10
"709","FJ842859.1","846",10,0,0,0,0,0,0,0,10
"710","FJ842859.1","847",10,0,0,0,0,0,0,0,10
"711","FJ842859.1","848",10,0,0,0,0,0,0,0,10
"712","FJ842859.1","849",0,0,0,10,0,0,0,0,10
"713","FJ842859.1","850",10,0,0,0,0,0,0,0,10
"714","FJ842859.1","851",0,0,10,0,0,0,0,0,10
"715","FJ842859.1","852",10,0,0,0,0,0,0,0,10
"716","FJ842859.1","853",10,0,0,0,0,0,0,0,10
"717","FJ842859.1","854",0,10,0,0,0,0,0,0,10
"718","FJ842859.1","855",10,0,0,0,0,0,0,0,10
"719","FJ842859.1","856",0,0,0,10,0,0,0,0,10
"720","FJ842859.1","857",10,0,0,0,0,0,0,0,10
"721","FJ842859.1","858",0,10,0,0,0,0,0,0,10
"722","FJ842859.1","859",10,0,0,0,0,0,0,0,10
"723","FJ842859.1","860",0,0,0,8,0,0,0,0,8
"724","FJ842859.1","861",0,0,0,6,0,0,0,0,6
"725","FJ842859.1","862",0,0,0,4,0,0,0,0,4
"726","FJ842859.1","863",4,0,0,0,0,0,0,0,4
"727","FJ842859.1","864",0,0,0,4,0,0,0,0,4
"728","FJ842859.1","865",0,0,0,4,0,0,0,0,4
"729","FJ842859.1","866",0,0,4,0,0,0,0,0,4
"730","FJ842859.1","867",0,0,4,0,0,0,0,0,4
"731","FJ842859.1","868",0,4,0,0,0,0,0,0,4
"732","FJ842859.1","869",4,0,0,0,0,0,0,0,4
"733","FJ842859.1","870",0,0,0,4,0,0,0,0,4
"734","FJ842859.1","871",0,0,4,0,0,0,0,0,4
"735","FJ842859.1","872",0,0,4,0,0,0,0,0,4
"736","FJ842859.1","873",0,0,0,4,0,0,0,0,4
"737","FJ842859.1","874",4,0,0,0,0,0,0,0,4
"738","FJ842859.1","875",0,0,4,0,0,0,0,0,4
"739","FJ842859.1","1144",0,0,1,0,0,0,0,0,1
"740","FJ842859.1","1145",0,0,1,0,0,0,0,0,1
"741","FJ842859.1","1146",1,0,0,0,0,0,0,0,1
"742","FJ842859.1","1147",0,0,1,0,0,0,0,0,1
"743","FJ842859.1","1148",0,0,1,0,0,0,0,0,1
"744","FJ842859.1","1149",1,0,0,0,0,0,0,0,1
"745","FJ842859.1","1150",0,0,1,0,0,0,0,0,1
"746","FJ842859.1","1151",1,0,0,0,0,0,0,0,1
"747","FJ842859.1","1152",0,0,0,2,0,0,0,0,2
"748","FJ842859.1","1153",0,2,0,0,0,0,0,0,2
"749","FJ842859.1","1154",0,2,0,0,0,0,0,0,2
"750","FJ842859.1","1155",2,0,0,0,0,0,0,0,2
"751","FJ842859.1","1156",0,0,2,0,0,0,0,0,2
"752","FJ842859.1","1157",2,0,0,0,0,0,0,0,2
"753","FJ842859.1","1158",2,0,0,0,0,0,0,0,2
"754","FJ842859.1","1159",0,0,2,0,0,0,0,0,2
"755","FJ842859.1","1160",0,0,0,2,0,0,0,0,2
"756","FJ842859.1","1161",0,0,0,2,0,0,0,0,2
"757","FJ842859.1","1162",2,0,0,0,0,0,0,0,2
"758","FJ842859.1","1163",0,2,0,0,0,0,0,0,2
"759","FJ842859.1","1164",0,0,0,2,0,0,0,0,2
"760","FJ842859.1","1165",0,0,0,3,0,0,0,0,3
"761","FJ842859.1","1166",0,0,0,3,0,0,0,0,3
"762","FJ842859.1","1167",0,0,0,3,0,0,0,0,3
"763","FJ842859.1","1168",3,0,0,0,0,0,0,0,3
"764","FJ842859.1","1169",0,0,0,3,0,0,0,0,3
"765","FJ842859.1","1170",0,0,3,0,0,0,0,0,3
"766","FJ842859.1","1171",0,0,0,3,0,0,0,0,3
"767","FJ842859.1","1172",0,0,3,0,0,0,0,0,3
"768","FJ842859.1","1173",0,0,3,0,0,0,0,0,3
"769","FJ842859.1","1174",3,0,0,0,0,0,0,0,3
"770","FJ842859.1","1175",0,3,0,0,0,0,0,0,3
"771","FJ842859.1","1176",4,0,0,0,0,0,0,0,4
"772","FJ842859.1","1177",4,0,0,0,0,0,0,0,4
"773","FJ842859.1","1178",4,0,0,0,0,0,0,0,4
"774","FJ842859.1","1179",0,4,0,0,0,0,0,0,4
"775","FJ842859.1","1180",0,0,0,4,0,0,0,0,4
"776","FJ842859.1","1181",0,0,4,0,0,0,0,0,4
"777","FJ842859.1","1182",0,0,0,4,0,0,0,0,4
"778","FJ842859.1","1183",4,0,0,0,0,0,0,0,4
"779","FJ842859.1","1184",0,0,4,0,0,0,0,0,4
"780","FJ842859.1","1185",4,0,0,0,0,0,0,0,4
"781","FJ842859.1","1186",0,0,4,0,0,0,0,0,4
"782","FJ842859.1","1187",0,0,4,0,0,0,0,0,4
"783","FJ842859.1","1188",4,0,0,0,0,0,0,0,4
"784","FJ842859.1","1189",0,0,4,0,0,0,0,0,4
"785","FJ842859.1","1190",4,0,0,0,0,0,0,0,4
"786","FJ842859.1","1191",0,0,4,0,0,0,0,0,4
"787","FJ842859.1","1192",0,0,0,3,0,0,0,0,3
"788","FJ842859.1","1193",0,0,0,4,0,0,0,0,4
"789","FJ842859.1","1194",0,0,0,4,0,0,0,0,4
"790","FJ842859.1","1195",0,4,0,0,0,0,0,0,4
"791","FJ842859.1","1196",0,0,0,4,0,0,0,0,4
"792","FJ842859.1","1197",0,4,0,0,0,0,0,0,4
"793","FJ842859.1","1198",0,0,0,4,0,0,0,0,4
"794","FJ842859.1","1199",4,0,0,0,0,0,0,0,4
"795","FJ842859.1","1200",0,0,0,4,0,0,0,0,4
"796","FJ842859.1","1201",0,0,0,4,0,0,0,0,4
"797","FJ842859.1","1202",0,0,4,0,0,0,0,0,4
"798","FJ842859.1","1203",0,4,0,0,0,0,0,0,4
"799","FJ842859.1","1204",4,0,0,0,0,0,0,0,4
"800","FJ842859.1","1205",4,0,0,0,0,0,0,0,4
"801","FJ842859.1","1206",2,0,2,0,0,0,0,0,4
"802","FJ842859.1","1207",4,0,0,0,0,0,0,0,4
"803","FJ842859.1","1208",0,0,0,4,0,0,0,0,4
"804","FJ842859.1","1209",0,0,4,0,0,0,0,0,4
"805","FJ842859.1","1210",4,0,0,0,0,0,0,0,4
"806","FJ842859.1","1211",4,0,0,0,0,0,0,0,4
"807","FJ842859.1","1212",0,0,0,4,0,0,0,0,4
"808","FJ842859.1","1213",0,0,0,4,0,0,0,0,4
"809","FJ842859.1","1214",0,0,4,0,0,0,0,0,4
"810","FJ842859.1","1215",0,0,4,0,0,0,0,0,4
"811","FJ842859.1","1216",0,0,1,2,0,0,0,0,3
"812","FJ842859.1","1217",0,0,0,3,0,0,0,0,3
"813","FJ842859.1","1218",0,3,0,0,0,0,0,0,3
"814","FJ842859.1","1219",0,3,0,0,0,0,0,0,3
"815","FJ842859.1","1220",0,0,0,2,0,0,0,0,2
"816","FJ842859.1","1221",0,0,0,2,0,0,0,0,2
"817","FJ842859.1","1222",2,0,0,0,0,0,0,0,2
"818","FJ842859.1","1223",2,0,0,0,0,0,0,0,2
"819","FJ842859.1","1224",0,0,0,2,0,0,0,0,2
"820","FJ842859.1","1225",0,0,0,2,0,0,0,0,2
"821","FJ842859.1","1226",0,0,2,0,0,0,0,0,2
"822","FJ842859.1","1227",0,0,2,0,0,0,0,0,2
"823","FJ842859.1","1228",0,0,2,0,0,0,0,0,2
"824","FJ842859.1","1229",0,0,0,2,0,0,0,0,2
"825","FJ842859.1","1230",2,0,0,0,0,0,0,0,2
"826","FJ842859.1","1231",0,0,2,0,0,0,0,0,2
